#
# A fatal error has been detected by the Java Runtime Environment:
#
#  SIGILL (0x4) at pc=0x00007ff81077616f, pid=28447, tid=0x0000000000002203
#
# JRE version: OpenJDK Runtime Environment (Zulu 8.90.0.19-CA-macosx) (8.0_472-b08) (build 1.8.0_472-b08)
# Java VM: OpenJDK 64-Bit Server VM (25.472-b08 mixed mode bsd-amd64 compressed oops)
# Problematic frame:
# C  [libdispatch.dylib+0x416f]  _dispatch_assert_queue_fail+0x66
#
# Failed to write core dump. Core dumps have been disabled. To enable core dumping, try "ulimit -c unlimited" before starting Java again
#
# If you would like to submit a bug report, please visit:
#   http://www.azul.com/support/
# The crash happened outside the Java Virtual Machine in native code.
# See problematic frame for where to report the bug.
#

---------------  T H R E A D  ---------------

Current thread (0x00007f91ed809800):  JavaThread "main" [_thread_in_native, id=8707, stack(0x00000003099c3000,0x0000000309ac3000)]

siginfo: si_signo: 4 (SIGILL), si_code: 1 (ILL_ILLOPC), si_addr: 0x00007ff81077616f

Registers:
RAX=0xbadbf06baeed001f, RBX=0x0000600003c0a800, RCX=0x000000008e816ffb, RDX=0x0000000000000000
RSP=0x0000000309ac1b90, RBP=0x0000000309ac1ba0, RSI=0x0000000000002880, RDI=0x0000000000000080
R8 =0x000000008ea17052, R9 =0x000000000000007f, R10=0x000000008ea00000, R11=0x00000000000007fb
R12=0x0000000309dff000, R13=0x00000001a6123fd8, R14=0x000060000122f720, R15=0x0000000000000000
RIP=0x00007ff81077616f, EFLAGS=0x0000000000000202, ERR=0x0000000000000000
  TRAPNO=0x0000000000000006

Top of Stack: (sp=0x0000000309ac1b90)
0x0000000309ac1b90:   0000600003c0a800 0000000309ac1cb8
0x0000000309ac1ba0:   0000000309ac1bb0 00007ff8107a2fdb
0x0000000309ac1bb0:   0000000309ac1bc0 00007ff810776107
0x0000000309ac1bc0:   0000000309ac1c70 00007ff81d6d01f5
0x0000000309ac1bd0:   0000000000000000 0000000154ff3598
0x0000000309ac1be0:   0000000309ac1c50 000000010c2eb57a
0x0000000309ac1bf0:   0000000000000000 0000000000000000
0x0000000309ac1c00:   0000000000000000 0000000000000000
0x0000000309ac1c10:   0000000309ac1c70 000000010c2eaeca
0x0000000309ac1c20:   0000000000000113 000000010c79b2d0
0x0000000309ac1c30:   0000000309ac1c68 00000001a6134588
0x0000000309ac1c40:   00007f91ed809800 0000000309ac1cb8
0x0000000309ac1c50:   0000000309dff000 00000001a6123fd8
0x0000000309ac1c60:   000060000122f720 000000000000007c
0x0000000309ac1c70:   0000000309ac1ca0 00007ff81d849904
0x0000000309ac1c80:   00007ff84f0887b0 0000000309dff000
0x0000000309ac1c90:   000060000122f720 00007f91ed809800
0x0000000309ac1ca0:   0000000309ac1ce0 00007ff81d849979
0x0000000309ac1cb0:   000060000315d430 0000000000000000
0x0000000309ac1cc0:   00000001a6123fd8 0000000309dff000
0x0000000309ac1cd0:   0000000309ac1e60 00007f91ed809800
0x0000000309ac1ce0:   0000000309ac1d40 00000001a6281e4f
0x0000000309ac1cf0:   0000000309ac1d60 000000010c35a794
0x0000000309ac1d00:   00007f91ed809a68 00007ff81d84bcb7
0x0000000309ac1d10:   000060000315d430 00000001a6123fd8
0x0000000309ac1d20:   0000000309dff000 badbf06baeed001f
0x0000000309ac1d30:   000060000122f720 0000000309ac1e60
0x0000000309ac1d40:   0000000309ac1d60 00000001a6281e08
0x0000000309ac1d50:   0000000309ac1e60 000060000122f720
0x0000000309ac1d60:   0000000309ac1da0 00000001a6280303
0x0000000309ac1d70:   000000010c35a65c 0000000309ac1e58
0x0000000309ac1d80:   00007f91ed809a68 00000001a628272e 

Instructions: (pc=0x00007ff81077616f)
0x00007ff81077614f:   e8 90 32 03 00 48 8b 1b 48 8d 3d 33 65 03 00 48
0x00007ff81077615f:   89 de 31 c0 e8 39 b5 02 00 48 89 1d f9 c3 f7 40
0x00007ff81077616f:   0f 0b 55 48 89 e5 48 8b 07 0f b6 40 28 48 8d 48
0x00007ff81077617f:   ed 48 83 f9 fd 76 75 48 8b 47 38 65 33 04 25 18 

Register to memory mapping:

RAX=0xbadbf06baeed001f is an unknown value
RBX=0x0000600003c0a800 is an unknown value
RCX=0x000000008e816ffb is an unknown value
RDX=0x0000000000000000 is an unknown value
RSP=0x0000000309ac1b90 is pointing into the stack for thread: 0x00007f91ed809800
RBP=0x0000000309ac1ba0 is pointing into the stack for thread: 0x00007f91ed809800
RSI=0x0000000000002880 is an unknown value
RDI=0x0000000000000080 is an unknown value
R8 =0x000000008ea17052 is an unknown value
R9 =0x000000000000007f is an unknown value
R10=0x000000008ea00000 is an unknown value
R11=0x00000000000007fb is an unknown value
R12=0x0000000309dff000 is an unknown value
R13={method} {0x00000001a6123fd8} 'initIDs0' '()Z' in 'jogamp/newt/driver/macosx/WindowDriver'
R14=0x000060000122f720 is an unknown value
R15=0x0000000000000000 is an unknown value


Stack: [0x00000003099c3000,0x0000000309ac3000],  sp=0x0000000309ac1b90,  free space=1018k
Native frames: (J=compiled Java code, j=interpreted, Vv=VM code, C=native code)
C  [libdispatch.dylib+0x416f]  _dispatch_assert_queue_fail+0x66
C  [libdispatch.dylib+0x30fdb]  dispatch_assert_queue$V2.cold.2+0x0
C  [libdispatch.dylib+0x4107]  dispatch_assert_queue+0x37
C  [HIToolbox+0xbe1f5]  islGetInputSourceListWithAdditions+0x77
C  [HIToolbox+0x237904]  isValidateInputSourceRef+0x57
C  [HIToolbox+0x237979]  TSMGetInputSourceProperty+0x1e
C  [libnewt.jnilib+0xae4f]  NewtCommon_ReleaseJNIEnv+0x469f
C  [libnewt.jnilib+0xae08]  NewtCommon_ReleaseJNIEnv+0x4658
C  [libnewt.jnilib+0x9303]  NewtCommon_ReleaseJNIEnv+0x2b53
C  [libnewt.jnilib+0x31c1]  Java_jogamp_newt_driver_macosx_WindowDriver_initIDs0+0x1a1
j  jogamp.newt.driver.macosx.WindowDriver.initIDs0()Z+0
j  jogamp.newt.driver.macosx.DisplayDriver.<clinit>()V+20
v  ~StubRoutines::call_stub
V  [libjvm.dylib+0x2db8e9]  JavaCalls::call_helper(JavaValue*, methodHandle*, JavaCallArguments*, Thread*)+0x6f3
V  [libjvm.dylib+0x2a3f9e]  InstanceKlass::call_class_initializer_impl(instanceKlassHandle, Thread*)+0xf2
V  [libjvm.dylib+0x2a2df6]  InstanceKlass::initialize_impl(instanceKlassHandle, Thread*)+0x468
V  [libjvm.dylib+0x2a297a]  InstanceKlass::initialize(Thread*)+0x3a
V  [libjvm.dylib+0x34c417]  find_class_from_class_loader(JNIEnv_*, Symbol*, unsigned char, Handle, Handle, unsigned char, Thread*)+0x60
V  [libjvm.dylib+0x34c640]  JVM_FindClassFromCaller+0x20e
C  [libjava.dylib+0x306f]  Java_java_lang_Class_forName0+0x12a
j  java.lang.Class.forName0(Ljava/lang/String;ZLjava/lang/ClassLoader;Ljava/lang/Class;)Ljava/lang/Class;+0
j  java.lang.Class.forName(Ljava/lang/String;)Ljava/lang/Class;+11
j  com.jogamp.newt.NewtFactory.getCustomClass(Ljava/lang/String;Ljava/lang/String;)Ljava/lang/Class;+76
j  jogamp.newt.DisplayImpl.getDisplayClass(Ljava/lang/String;)Ljava/lang/Class;+3
j  jogamp.newt.DisplayImpl.create(Ljava/lang/String;Ljava/lang/String;JZ)Lcom/jogamp/newt/Display;+1
j  com.jogamp.newt.NewtFactory.createDisplay(Ljava/lang/String;Z)Lcom/jogamp/newt/Display;+7
j  com.jogamp.newt.NewtFactory.createDisplay(Ljava/lang/String;)Lcom/jogamp/newt/Display;+2
j  processing.opengl.PSurfaceJOGL.initDisplay()V+2
j  processing.opengl.PSurfaceJOGL.initFrame(Lprocessing/core/PApplet;)V+10
j  processing.core.PApplet.initSurface()Lprocessing/core/PSurface;+46
j  processing.core.PApplet.runSketch([Ljava/lang/String;Lprocessing/core/PApplet;)V+820
j  processing.core.PApplet.main(Ljava/lang/String;[Ljava/lang/String;)V+21
j  app.TesseractMain.main([Ljava/lang/String;)V+3
v  ~StubRoutines::call_stub
V  [libjvm.dylib+0x2db8e9]  JavaCalls::call_helper(JavaValue*, methodHandle*, JavaCallArguments*, Thread*)+0x6f3
V  [libjvm.dylib+0x31c609]  jni_invoke_static(JNIEnv_*, JavaValue*, _jobject*, JNICallType, _jmethodID*, JNI_ArgumentPusher*, Thread*)+0x255
V  [libjvm.dylib+0x31fc70]  jni_CallStaticVoidMethod+0x1f6
C  [java+0x67be]  JavaMain+0x9ba
C  [libsystem_pthread.dylib+0x5e4d]  _pthread_start+0x73
C  [libsystem_pthread.dylib+0x1857]  thread_start+0xf
C  0x0000000000000000

Java frames: (J=compiled Java code, j=interpreted, Vv=VM code)
j  jogamp.newt.driver.macosx.WindowDriver.initIDs0()Z+0
j  jogamp.newt.driver.macosx.DisplayDriver.<clinit>()V+20
v  ~StubRoutines::call_stub
j  java.lang.Class.forName0(Ljava/lang/String;ZLjava/lang/ClassLoader;Ljava/lang/Class;)Ljava/lang/Class;+0
j  java.lang.Class.forName(Ljava/lang/String;)Ljava/lang/Class;+11
j  com.jogamp.newt.NewtFactory.getCustomClass(Ljava/lang/String;Ljava/lang/String;)Ljava/lang/Class;+76
j  jogamp.newt.DisplayImpl.getDisplayClass(Ljava/lang/String;)Ljava/lang/Class;+3
j  jogamp.newt.DisplayImpl.create(Ljava/lang/String;Ljava/lang/String;JZ)Lcom/jogamp/newt/Display;+1
j  com.jogamp.newt.NewtFactory.createDisplay(Ljava/lang/String;Z)Lcom/jogamp/newt/Display;+7
j  com.jogamp.newt.NewtFactory.createDisplay(Ljava/lang/String;)Lcom/jogamp/newt/Display;+2
j  processing.opengl.PSurfaceJOGL.initDisplay()V+2
j  processing.opengl.PSurfaceJOGL.initFrame(Lprocessing/core/PApplet;)V+10
j  processing.core.PApplet.initSurface()Lprocessing/core/PSurface;+46
j  processing.core.PApplet.runSketch([Ljava/lang/String;Lprocessing/core/PApplet;)V+820
j  processing.core.PApplet.main(Ljava/lang/String;[Ljava/lang/String;)V+21
j  app.TesseractMain.main([Ljava/lang/String;)V+3
v  ~StubRoutines::call_stub

---------------  P R O C E S S  ---------------

Java Threads: ( => current thread )
  0x00007f91cd1f4000 JavaThread "AWT-EventQueue-0" [_thread_blocked, id=127671, stack(0x000000090b65c000,0x000000090b75c000)]
  0x00007f91cc85d000 JavaThread "Java2D Disposer" daemon [_thread_blocked, id=75843, stack(0x000000090b559000,0x000000090b659000)]
  0x00007f91ed888800 JavaThread "Java2D Queue Flusher" daemon [_thread_blocked, id=79659, stack(0x000000090b456000,0x000000090b556000)]
  0x00007f91cc06a800 JavaThread "AWT-Shutdown" [_thread_blocked, id=62735, stack(0x000000090b353000,0x000000090b453000)]
  0x00007f91cc845000 JavaThread "AWT-AppKit" daemon [_thread_in_native, id=259, stack(0x000000030913f000,0x000000030993f000)]
  0x00007f91ed829800 JavaThread "Service Thread" daemon [_thread_blocked, id=24851, stack(0x000000090b0ca000,0x000000090b1ca000)]
  0x00007f91ec00f000 JavaThread "C1 CompilerThread3" daemon [_thread_blocked, id=31747, stack(0x000000090afc7000,0x000000090b0c7000)]
  0x00007f91ec00e000 JavaThread "C2 CompilerThread2" daemon [_thread_blocked, id=24323, stack(0x000000090aec4000,0x000000090afc4000)]
  0x00007f91ed08b000 JavaThread "C2 CompilerThread1" daemon [_thread_blocked, id=32259, stack(0x000000090adc1000,0x000000090aec1000)]
  0x00007f91ed089800 JavaThread "C2 CompilerThread0" daemon [_thread_blocked, id=23811, stack(0x000000090acbe000,0x000000090adbe000)]
  0x00007f91ed087800 JavaThread "Signal Dispatcher" daemon [_thread_blocked, id=23299, stack(0x000000090abbb000,0x000000090acbb000)]
  0x00007f91ed059000 JavaThread "Finalizer" daemon [_thread_blocked, id=17779, stack(0x000000090a922000,0x000000090aa22000)]
  0x00007f91ed056000 JavaThread "Reference Handler" daemon [_thread_blocked, id=20775, stack(0x000000090a81f000,0x000000090a91f000)]
=>0x00007f91ed809800 JavaThread "main" [_thread_in_native, id=8707, stack(0x00000003099c3000,0x0000000309ac3000)]

Other Threads:
  0x00007f91ed051000 VMThread [stack: 0x000000090a71c000,0x000000090a81c000] [id=20995]
  0x00007f91ec02a000 WatcherThread [stack: 0x000000090b1cd000,0x000000090b2cd000] [id=25347]

VM state:not at safepoint (normal execution)

VM Mutex/Monitor currently owned by a thread: None

heap address: 0x0000000309e00000, size: 24576 MB, Compressed Oops mode: Non-zero based:0x0000000309dff000, Oop shift amount: 3
Narrow klass base: 0x0000000000000000, Narrow klass shift: 3
Compressed class space size: 1073741824 Address: 0x0000000154ee8000

Heap:
 PSYoungGen      total 458752K, used 70779K [0x0000000709e00000, 0x0000000729e00000, 0x0000000909e00000)
  eden space 393216K, 18% used [0x0000000709e00000,0x000000070e31ee18,0x0000000721e00000)
  from space 65536K, 0% used [0x0000000725e00000,0x0000000725e00000,0x0000000729e00000)
  to   space 65536K, 0% used [0x0000000721e00000,0x0000000721e00000,0x0000000725e00000)
 ParOldGen       total 1048576K, used 0K [0x0000000309e00000, 0x0000000349e00000, 0x0000000709e00000)
  object space 1048576K, 0% used [0x0000000309e00000,0x0000000309e00000,0x0000000349e00000)
 Metaspace       used 10784K, capacity 10922K, committed 11008K, reserved 1058816K
  class space    used 1143K, capacity 1208K, committed 1280K, reserved 1048576K

Card table byte_map: [0x000000011cee7000,0x000000011fee8000] byte_map_base: 0x000000011b698000

Marking Bits: (ParMarkBitMap*) 0x000000010c77ad48
 Begin Bits: [0x0000000121ee8000, 0x0000000139ee8000)
 End Bits:   [0x0000000139ee8000, 0x0000000151ee8000)

Polling page: 0x000000010b238000

CodeCache: size=245760Kb used=2401Kb max_used=2413Kb free=243358Kb
 bounds [0x000000010dee7000, 0x000000010e157000, 0x000000011cee7000]
 total_blobs=1069 nmethods=538 adapters=445
 compilation: enabled

Compilation events (10 events):
Event: 2.582 Thread 0x00007f91ec00f000 nmethod 533 0x000000010e13c7d0 code [0x000000010e13c940, 0x000000010e13cb28]
Event: 2.696 Thread 0x00007f91ec00f000  534  s    3       java.util.Vector::addElement (38 bytes)
Event: 2.696 Thread 0x00007f91ec00f000 nmethod 534 0x000000010e13cbd0 code [0x000000010e13cd60, 0x000000010e13d2a8]
Event: 2.697 Thread 0x00007f91ec00f000  535       3       java.io.FilterInputStream::<init> (10 bytes)
Event: 2.697 Thread 0x00007f91ec00f000 nmethod 535 0x000000010e13d4d0 code [0x000000010e13d640, 0x000000010e13d890]
Event: 2.700 Thread 0x00007f91ec00f000  536       3       java.lang.System::getProperty (25 bytes)
Event: 2.700 Thread 0x00007f91ec00f000 nmethod 536 0x000000010e13f790 code [0x000000010e13f960, 0x000000010e13ffe8]
Event: 2.700 Thread 0x00007f91ec00f000  537       3       sun.net.www.protocol.jar.Handler::checkNestedProtocol (18 bytes)
Event: 2.700 Thread 0x00007f91ed089800  538       4       sun.nio.cs.UTF_8$Encoder::encode (359 bytes)
Event: 2.700 Thread 0x00007f91ec00f000 nmethod 537 0x000000010e140290 code [0x000000010e140400, 0x000000010e140688]

GC Heap History (0 events):
No events

Deoptimization events (5 events):
Event: 0.189 Thread 0x00007f91ed809800 Uncommon trap: reason=loop_limit_check action=maybe_recompile pc=0x000000010e001e30 method=java.lang.String.equals(Ljava/lang/Object;)Z @ 56
Event: 2.138 Thread 0x00007f91ed809800 Uncommon trap: reason=loop_limit_check action=maybe_recompile pc=0x000000010e0f8c88 method=java.lang.String.indexOf([CII[CIII)I @ 79
Event: 2.228 Thread 0x00007f91ed809800 Uncommon trap: reason=unstable_if action=reinterpret pc=0x000000010e124050 method=java.util.zip.ZipFile$ZipEntryIterator.hasNext()Z @ 25
Event: 2.576 Thread 0x00007f91ed809800 Uncommon trap: reason=class_check action=maybe_recompile pc=0x000000010e126ac8 method=java.util.regex.Pattern$Start.match(Ljava/util/regex/Matcher;ILjava/lang/CharSequence;)Z @ 44
Event: 2.577 Thread 0x00007f91ed809800 Uncommon trap: reason=unstable_if action=reinterpret pc=0x000000010e126d44 method=java.util.regex.Matcher.search(I)Z @ 30

Classes redefined (0 events):
No events

Internal exceptions (10 events):
Event: 2.156 Thread 0x00007f91ed809800 Exception <a 'java/lang/UnsatisfiedLinkError': com.jogamp.common.util.JarUtil.fixNativeLibAttribs(Ljava/lang/String;)Z> (0x000000070c7b0f98) thrown at [/Users/tester/jenkins/blue/workspace/Zulu/zulu-platform-build/71634/zulu-src.git/hotspot/src/share/vm/p
Event: 2.157 Thread 0x00007f91ed809800 Exception <a 'java/lang/UnsatisfiedLinkError': com.jogamp.common.util.JarUtil.fixNativeLibAttribs(Ljava/lang/String;)Z> (0x000000070c7b9a50) thrown at [/Users/tester/jenkins/blue/workspace/Zulu/zulu-platform-build/71634/zulu-src.git/hotspot/src/share/vm/p
Event: 2.158 Thread 0x00007f91ed809800 Exception <a 'java/lang/UnsatisfiedLinkError': com.jogamp.common.util.JarUtil.fixNativeLibAttribs(Ljava/lang/String;)Z> (0x000000070c7c2508) thrown at [/Users/tester/jenkins/blue/workspace/Zulu/zulu-platform-build/71634/zulu-src.git/hotspot/src/share/vm/p
Event: 2.164 Thread 0x00007f91ed809800 Exception <a 'java/lang/UnsatisfiedLinkError': com.jogamp.common.util.JarUtil.fixNativeLibAttribs(Ljava/lang/String;)Z> (0x000000070c7cb068) thrown at [/Users/tester/jenkins/blue/workspace/Zulu/zulu-platform-build/71634/zulu-src.git/hotspot/src/share/vm/p
Event: 2.167 Thread 0x00007f91ed809800 Exception <a 'java/lang/UnsatisfiedLinkError': com.jogamp.common.util.JarUtil.fixNativeLibAttribs(Ljava/lang/String;)Z> (0x000000070c7d3bc8) thrown at [/Users/tester/jenkins/blue/workspace/Zulu/zulu-platform-build/71634/zulu-src.git/hotspot/src/share/vm/p
Event: 2.168 Thread 0x00007f91ed809800 Exception <a 'java/lang/UnsatisfiedLinkError': com.jogamp.common.util.JarUtil.fixNativeLibAttribs(Ljava/lang/String;)Z> (0x000000070c7e1bf8) thrown at [/Users/tester/jenkins/blue/workspace/Zulu/zulu-platform-build/71634/zulu-src.git/hotspot/src/share/vm/p
Event: 2.168 Thread 0x00007f91ed809800 Exception <a 'java/lang/UnsatisfiedLinkError': com.jogamp.common.util.JarUtil.fixNativeLibAttribs(Ljava/lang/String;)Z> (0x000000070c7ea800) thrown at [/Users/tester/jenkins/blue/workspace/Zulu/zulu-platform-build/71634/zulu-src.git/hotspot/src/share/vm/p
Event: 2.169 Thread 0x00007f91ed809800 Exception <a 'java/lang/UnsatisfiedLinkError': com.jogamp.common.util.JarUtil.fixNativeLibAttribs(Ljava/lang/String;)Z> (0x000000070c7f32b8) thrown at [/Users/tester/jenkins/blue/workspace/Zulu/zulu-platform-build/71634/zulu-src.git/hotspot/src/share/vm/p
Event: 2.175 Thread 0x00007f91ed809800 Exception <a 'java/lang/UnsatisfiedLinkError': com.jogamp.common.util.JarUtil.fixNativeLibAttribs(Ljava/lang/String;)Z> (0x000000070c7fbdc8) thrown at [/Users/tester/jenkins/blue/workspace/Zulu/zulu-platform-build/71634/zulu-src.git/hotspot/src/share/vm/p
Event: 2.177 Thread 0x00007f91ed809800 Exception <a 'java/lang/UnsatisfiedLinkError': com.jogamp.common.util.JarUtil.fixNativeLibAttribs(Ljava/lang/String;)Z> (0x000000070c804890) thrown at [/Users/tester/jenkins/blue/workspace/Zulu/zulu-platform-build/71634/zulu-src.git/hotspot/src/share/vm/p

Events (10 events):
Event: 2.700 loading class com/jogamp/newt/event/InputEvent$InputClass
Event: 2.700 loading class com/jogamp/newt/event/InputEvent$InputClass done
Event: 2.700 loading class com/jogamp/common/util/Bitfield$Factory
Event: 2.700 loading class com/jogamp/common/util/Bitfield$Factory done
Event: 2.700 loading class com/jogamp/common/util/Bitfield
Event: 2.700 loading class com/jogamp/common/util/Bitfield done
Event: 2.700 loading class jogamp/common/util/Int32Bitfield
Event: 2.700 loading class jogamp/common/util/Int32Bitfield done
Event: 2.701 loading class jogamp/common/util/SyncedBitfield
Event: 2.701 loading class jogamp/common/util/SyncedBitfield done


Dynamic libraries:
0x00007ff90df28000 	/System/Library/Frameworks/Cocoa.framework/Versions/A/Cocoa
0x00007ff81473e000 	/System/Library/Frameworks/AppKit.framework/Versions/C/AppKit
0x00007ff817fd4000 	/System/Library/Frameworks/CoreData.framework/Versions/A/CoreData
0x00007ff811b5e000 	/System/Library/Frameworks/Foundation.framework/Versions/C/Foundation
0x00007ff8209bc000 	/usr/lib/libSystem.B.dylib
0x00007ff815f06000 	/System/Library/PrivateFrameworks/UIFoundation.framework/Versions/A/UIFoundation
0x00007ffb27c0f000 	/System/Library/PrivateFrameworks/CollectionViewCore.framework/Versions/A/CollectionViewCore
0x00007ff81d903000 	/System/Library/PrivateFrameworks/XCTTargetBootstrap.framework/Versions/A/XCTTargetBootstrap
0x00007ff8237b5000 	/System/Library/PrivateFrameworks/InternationalSupport.framework/Versions/A/InternationalSupport
0x00007ff823b07000 	/System/Library/PrivateFrameworks/UserActivity.framework/Versions/A/UserActivity
0x00007ff8186fe000 	/System/Library/PrivateFrameworks/BaseBoard.framework/Versions/A/BaseBoard
0x00007ffc0f855000 	/System/Library/PrivateFrameworks/FrontBoard.framework/Versions/A/FrontBoard
0x00007ff82b518000 	/System/Library/PrivateFrameworks/FrontBoardServices.framework/Versions/A/FrontBoardServices
0x00007ffd26b1e000 	/usr/lib/libRosetta.dylib
0x00007ffd1ab21000 	/System/Library/PrivateFrameworks/UIIntelligenceSupport.framework/Versions/A/UIIntelligenceSupport
0x00007ffb1db12000 	/System/Library/Frameworks/SwiftUICore.framework/Versions/A/SwiftUICore
0x00007ffd2077d000 	/System/Library/PrivateFrameworks/WritingTools.framework/Versions/A/WritingTools
0x00007ffd1f769000 	/System/Library/PrivateFrameworks/WindowManagement.framework/Versions/A/WindowManagement
0x00007ff8117e9000 	/System/Library/Frameworks/SystemConfiguration.framework/Versions/A/SystemConfiguration
0x00007ff822a03000 	/usr/lib/libspindump.dylib
0x00007ff8160eb000 	/System/Library/Frameworks/UniformTypeIdentifiers.framework/Versions/A/UniformTypeIdentifiers
0x00007ff81fb5e000 	/usr/lib/libbsm.0.dylib
0x00007ff81b21f000 	/usr/lib/libapp_launch_measurement.dylib
0x00007ff819dcf000 	/System/Library/PrivateFrameworks/CoreAnalytics.framework/Versions/A/CoreAnalytics
0x00007ff81b222000 	/System/Library/PrivateFrameworks/CoreAutoLayout.framework/Versions/A/CoreAutoLayout
0x00007ff81ce95000 	/System/Library/Frameworks/Metal.framework/Versions/A/Metal
0x00007ff81e2a8000 	/usr/lib/liblangid.dylib
0x00007ff81d908000 	/System/Library/PrivateFrameworks/CoreSVG.framework/Versions/A/CoreSVG
0x00007ff816b4f000 	/System/Library/PrivateFrameworks/SkyLight.framework/Versions/A/SkyLight
0x00007ffc0f5bb000 	/System/Library/PrivateFrameworks/FocusEngine.framework/Versions/A/FocusEngine
0x00007ff817088000 	/System/Library/Frameworks/CoreGraphics.framework/Versions/A/CoreGraphics
0x00007ffb2d7b0000 	/System/Library/PrivateFrameworks/DesignLibrary.framework/Versions/A/DesignLibrary
0x00007ff8295a2000 	/System/Library/Frameworks/Accelerate.framework/Versions/A/Accelerate
0x00007ff822806000 	/System/Library/PrivateFrameworks/IconServices.framework/Versions/A/IconServices
0x00007ff81ce71000 	/System/Library/Frameworks/IOSurface.framework/Versions/A/IOSurface
0x00007ff819dfd000 	/usr/lib/libDiagnosticMessagesClient.dylib
0x00007ff8208c8000 	/usr/lib/libz.1.dylib
0x00007ff82da49000 	/System/Library/Frameworks/ApplicationServices.framework/Versions/A/ApplicationServices
0x00007ff81d8f0000 	/System/Library/PrivateFrameworks/DFRFoundation.framework/Versions/A/DFRFoundation
0x00007ff813fe0000 	/usr/lib/libicucore.A.dylib
0x00007ff824c98000 	/System/Library/Frameworks/AudioToolbox.framework/Versions/A/AudioToolbox
0x00007ff823abe000 	/System/Library/PrivateFrameworks/DataDetectorsCore.framework/Versions/A/DataDetectorsCore
0x00007ffd1b4f7000 	/System/Library/PrivateFrameworks/UpdateCycle.framework/Versions/A/UpdateCycle
0x00007ff91f2d2000 	/System/Library/PrivateFrameworks/TextInput.framework/Versions/A/TextInput
0x00007ff816a9b000 	/usr/lib/libMobileGestalt.dylib
0x00007ff81d612000 	/System/Library/Frameworks/Carbon.framework/Versions/A/Frameworks/HIToolbox.framework/Versions/A/HIToolbox
0x00007ff81aabd000 	/System/Library/Frameworks/QuartzCore.framework/Versions/A/QuartzCore
0x00007ff813bde000 	/System/Library/Frameworks/Security.framework/Versions/A/Security
0x00007ff828f1b000 	/System/Library/Frameworks/Carbon.framework/Versions/A/Frameworks/SpeechRecognition.framework/Versions/A/SpeechRecognition
0x00007ff81aef1000 	/System/Library/PrivateFrameworks/CoreUI.framework/Versions/A/CoreUI
0x00007ff813434000 	/System/Library/Frameworks/CoreAudio.framework/Versions/A/CoreAudio
0x00007ff819eea000 	/System/Library/Frameworks/DiskArbitration.framework/Versions/A/DiskArbitration
0x00007ff822e88000 	/System/Library/PrivateFrameworks/MultitouchSupport.framework/Versions/A/MultitouchSupport
0x00007ff816a9a000 	/usr/lib/libenergytrace.dylib
0x00007ff912ce7000 	/System/Library/PrivateFrameworks/RenderBox.framework/Versions/A/RenderBox
0x00007ff814606000 	/System/Library/Frameworks/IOKit.framework/Versions/A/IOKit
0x00007ff829331000 	/System/Library/Frameworks/CoreServices.framework/Versions/A/CoreServices
0x00007ff81b1b7000 	/System/Library/PrivateFrameworks/PerformanceAnalysis.framework/Versions/A/PerformanceAnalysis
0x00007ffb15f72000 	/System/Library/Frameworks/OpenGL.framework/Versions/A/OpenGL
0x00007ff81b26c000 	/usr/lib/libxml2.2.dylib
0x00007ff81fa48000 	/System/Library/PrivateFrameworks/MobileKeyBag.framework/Versions/A/MobileKeyBag
0x00007ff8104e6000 	/usr/lib/libobjc.A.dylib
0x00007ff810847000 	/usr/lib/libc++.1.dylib
0x00007ff8292a9000 	/System/Library/Frameworks/Accessibility.framework/Versions/A/Accessibility
0x00007ff8179a5000 	/System/Library/Frameworks/ColorSync.framework/Versions/A/ColorSync
0x00007ff81096e000 	/System/Library/Frameworks/CoreFoundation.framework/Versions/A/CoreFoundation
0x00007ff81dc81000 	/System/Library/Frameworks/CoreImage.framework/Versions/A/CoreImage
0x00007ff8131f0000 	/System/Library/Frameworks/CoreText.framework/Versions/A/CoreText
0x00007ffb185d4000 	/System/Library/Frameworks/CoreTransferable.framework/Versions/A/CoreTransferable
0x00007ffb18a2b000 	/System/Library/Frameworks/DataDetection.framework/Versions/A/DataDetection
0x00007ffb18a3d000 	/System/Library/Frameworks/DeveloperToolsSupport.framework/Versions/A/DeveloperToolsSupport
0x00007ff81d943000 	/System/Library/Frameworks/ImageIO.framework/Versions/A/ImageIO
0x00007ffb1e9b9000 	/System/Library/Frameworks/Symbols.framework/Versions/A/Symbols
0x00007ff9240a8000 	/System/Library/PrivateFrameworks/AttributeGraph.framework/Versions/A/AttributeGraph
0x00007ff82b5f8000 	/System/Library/PrivateFrameworks/BoardServices.framework/Versions/A/BoardServices
0x00007ffa2826d000 	/System/Library/PrivateFrameworks/FeatureFlags.framework/Versions/A/FeatureFlags
0x00007ffc18125000 	/System/Library/PrivateFrameworks/Gestures.framework/Versions/A/Gestures
0x00007ff8209c1000 	/System/Library/PrivateFrameworks/SoftLinking.framework/Versions/A/SoftLinking
0x00007ffa1322d000 	/usr/lib/swift/libswiftAccelerate.dylib
0x00007ff8246ac000 	/usr/lib/swift/libswiftCore.dylib
0x00007ff91b480000 	/usr/lib/swift/libswiftCoreFoundation.dylib
0x00007ff91b4cc000 	/usr/lib/swift/libswiftCoreImage.dylib
0x00007ff82b2b1000 	/usr/lib/swift/libswiftDispatch.dylib
0x00007ff91b4cd000 	/usr/lib/swift/libswiftIOKit.dylib
0x00007ff929232000 	/usr/lib/swift/libswiftMetal.dylib
0x00007ffa18822000 	/usr/lib/swift/libswiftOSLog.dylib
0x00007ff82dfc1000 	/usr/lib/swift/libswiftObjectiveC.dylib
0x00007ffd27e2a000 	/usr/lib/swift/libswiftObservation.dylib
0x00007ffa0e976000 	/usr/lib/swift/libswiftQuartzCore.dylib
0x00007ffd27f8f000 	/usr/lib/swift/libswiftSynchronization.dylib
0x00007ffa1321e000 	/usr/lib/swift/libswiftUniformTypeIdentifiers.dylib
0x00007ff91b490000 	/usr/lib/swift/libswiftXPC.dylib
0x00007ffd27fc5000 	/usr/lib/swift/libswift_Builtin_float.dylib
0x00007ffd27fc8000 	/usr/lib/swift/libswift_Concurrency.dylib
0x00007ff82dfc5000 	/usr/lib/swift/libswiftos.dylib
0x00007ff91f0a9000 	/usr/lib/swift/libswiftsimd.dylib
0x00007ff820bb6000 	/usr/lib/libcompression.dylib
0x00007ff8236f7000 	/System/Library/PrivateFrameworks/TextureIO.framework/Versions/A/TextureIO
0x00007ff817b5f000 	/System/Library/Frameworks/ApplicationServices.framework/Versions/A/Frameworks/HIServices.framework/Versions/A/HIServices
0x00007ff8223ea000 	/usr/lib/libate.dylib
0x00007ff8209b6000 	/usr/lib/system/libcache.dylib
0x00007ff82096f000 	/usr/lib/system/libcommonCrypto.dylib
0x00007ff820999000 	/usr/lib/system/libcompiler_rt.dylib
0x00007ff82098d000 	/usr/lib/system/libcopyfile.dylib
0x00007ff810666000 	/usr/lib/system/libcorecrypto.dylib
0x00007ff810772000 	/usr/lib/system/libdispatch.dylib
0x00007ff81052b000 	/usr/lib/system/libdyld.dylib
0x00007ff8209ac000 	/usr/lib/system/libkeymgr.dylib
0x00007ff820954000 	/usr/lib/system/libmacho.dylib
0x00007ff81fb39000 	/usr/lib/system/libquarantine.dylib
0x00007ff8209a9000 	/usr/lib/system/libremovefile.dylib
0x00007ff816b16000 	/usr/lib/system/libsystem_asl.dylib
0x00007ff8105f9000 	/usr/lib/system/libsystem_blocks.dylib
0x00007ff8107bd000 	/usr/lib/system/libsystem_c.dylib
0x00007ff8209a1000 	/usr/lib/system/libsystem_collections.dylib
0x00007ff81e297000 	/usr/lib/system/libsystem_configuration.dylib
0x00007ff81ce3c000 	/usr/lib/system/libsystem_containermanager.dylib
0x00007ff820435000 	/usr/lib/system/libsystem_coreservices.dylib
0x00007ff81428b000 	/usr/lib/system/libsystem_darwin.dylib
0x00007ffd28301000 	/usr/lib/system/libsystem_darwindirectory.dylib
0x00007ff8209ad000 	/usr/lib/system/libsystem_dnssd.dylib
0x00007ffd28306000 	/usr/lib/system/libsystem_eligibility.dylib
0x00007ff8107ba000 	/usr/lib/system/libsystem_featureflags.dylib
0x00007ff81093f000 	/usr/lib/system/libsystem_info.dylib
0x00007ff8208dc000 	/usr/lib/system/libsystem_m.dylib
0x00007ff810725000 	/usr/lib/system/libsystem_malloc.dylib
0x00007ff816a80000 	/usr/lib/system/libsystem_networkextension.dylib
0x00007ff8146d2000 	/usr/lib/system/libsystem_notify.dylib
0x00007ff81e29b000 	/usr/lib/system/libsystem_sandbox.dylib
0x00007ffd2830e000 	/usr/lib/system/libsystem_sanitizers.dylib
0x00007ff8209a6000 	/usr/lib/system/libsystem_secinit.dylib
0x00007ff8108ea000 	/usr/lib/system/libsystem_kernel.dylib
0x00007ff810935000 	/usr/lib/system/libsystem_platform.dylib
0x00007ff810928000 	/usr/lib/system/libsystem_pthread.dylib
0x00007ff8188da000 	/usr/lib/system/libsystem_symptoms.dylib
0x00007ff810646000 	/usr/lib/system/libsystem_trace.dylib
0x00007ffd28317000 	/usr/lib/system/libsystem_trial.dylib
0x00007ff82097c000 	/usr/lib/system/libunwind.dylib
0x00007ff8105fd000 	/usr/lib/system/libxpc.dylib
0x00007ff8108d2000 	/usr/lib/libc++abi.dylib
0x00007ffd27bb1000 	/usr/lib/libswiftPrespecialized.dylib
0x00007ff8209be000 	/usr/lib/libfakelink.dylib
0x00007ff8166ec000 	/System/Library/Frameworks/CFNetwork.framework/Versions/A/CFNetwork
0x00007ff820a0f000 	/usr/lib/libarchive.2.dylib
0x00007ff826e13000 	/System/Library/Frameworks/Combine.framework/Versions/A/Combine
0x00007ffb27c36000 	/System/Library/PrivateFrameworks/CollectionsInternal.framework/Versions/A/CollectionsInternal
0x00007ffc2b75a000 	/System/Library/PrivateFrameworks/ReflectionInternal.framework/Versions/A/ReflectionInternal
0x00007ffc2c462000 	/System/Library/PrivateFrameworks/RuntimeInternal.framework/Versions/A/RuntimeInternal
0x00007ff9186ac000 	/usr/lib/swift/libswiftDarwin.dylib
0x00007ffd27f97000 	/usr/lib/swift/libswiftSystem.dylib
0x00007ffd28036000 	/usr/lib/swift/libswift_DarwinFoundation1.dylib
0x00007ffd2811c000 	/usr/lib/swift/libswift_StringProcessing.dylib
0x00007ff814585000 	/System/Library/PrivateFrameworks/CoreServicesInternal.framework/Versions/A/CoreServicesInternal
0x00007ff820985000 	/usr/lib/liboah.dylib
0x00007ff82d50c000 	/System/Library/PrivateFrameworks/DiskImages.framework/Versions/A/DiskImages
0x00007ff918175000 	/System/Library/Frameworks/NetFS.framework/Versions/A/NetFS
0x00007ff81b1ea000 	/System/Library/Frameworks/CoreServices.framework/Versions/A/Frameworks/FSEvents.framework/Versions/A/FSEvents
0x00007ff814296000 	/System/Library/Frameworks/CoreServices.framework/Versions/A/Frameworks/CarbonCore.framework/Versions/A/CarbonCore
0x00007ff819e61000 	/System/Library/Frameworks/CoreServices.framework/Versions/A/Frameworks/Metadata.framework/Versions/A/Metadata
0x00007ff82043c000 	/System/Library/Frameworks/CoreServices.framework/Versions/A/Frameworks/OSServices.framework/Versions/A/OSServices
0x00007ff820aea000 	/System/Library/Frameworks/CoreServices.framework/Versions/A/Frameworks/SearchKit.framework/Versions/A/SearchKit
0x00007ff818858000 	/System/Library/Frameworks/CoreServices.framework/Versions/A/Frameworks/AE.framework/Versions/A/AE
0x00007ff810e2e000 	/System/Library/Frameworks/CoreServices.framework/Versions/A/Frameworks/LaunchServices.framework/Versions/A/LaunchServices
0x00007ff822121000 	/System/Library/Frameworks/CoreServices.framework/Versions/A/Frameworks/DictionaryServices.framework/Versions/A/DictionaryServices
0x00007ff81b1f8000 	/System/Library/Frameworks/CoreServices.framework/Versions/A/Frameworks/SharedFileList.framework/Versions/A/SharedFileList
0x00007ff820b6c000 	/usr/lib/libapple_nghttp2.dylib
0x00007ff818476000 	/usr/lib/libsqlite3.dylib
0x00007ff81865d000 	/System/Library/Frameworks/Accounts.framework/Versions/A/Accounts
0x00007ff82d743000 	/System/Library/PrivateFrameworks/AppSupport.framework/Versions/A/AppSupport
0x00007ff825308000 	/System/Library/Frameworks/GSS.framework/Versions/A/GSS
0x00007ff8187f0000 	/System/Library/PrivateFrameworks/RunningBoardServices.framework/Versions/A/RunningBoardServices
0x00007ff82df4e000 	/System/Library/PrivateFrameworks/StreamingZip.framework/Versions/A/StreamingZip
0x00007ff8188e2000 	/System/Library/Frameworks/Network.framework/Versions/A/Network
0x00007ff820958000 	/usr/lib/system/libkxld.dylib
0x00007ffb23b29000 	/System/Library/PrivateFrameworks/AppleKeyStore.framework/Versions/A/AppleKeyStore
0x00007ffd26878000 	/usr/lib/libCoreEntitlements.dylib
0x00007ffc2253d000 	/System/Library/PrivateFrameworks/MessageSecurity.framework/Versions/A/MessageSecurity
0x00007ff81845a000 	/System/Library/PrivateFrameworks/ProtocolBuffer.framework/Versions/A/ProtocolBuffer
0x00007ff9139b8000 	/System/Library/PrivateFrameworks/CloudServices.framework/Versions/A/CloudServices
0x00007ff82a396000 	/System/Library/PrivateFrameworks/SymptomDiagnosticReporter.framework/Versions/A/SymptomDiagnosticReporter
0x00007ff822521000 	/System/Library/PrivateFrameworks/CrashReporterSupport.framework/Versions/A/CrashReporterSupport
0x00007ff82041b000 	/System/Library/PrivateFrameworks/AppleFSCompression.framework/Versions/A/AppleFSCompression
0x00007ff81fb46000 	/usr/lib/libcoretls.dylib
0x00007ff822190000 	/usr/lib/libcoretls_cfhelpers.dylib
0x00007ff820bb0000 	/usr/lib/libpam.2.dylib
0x00007ff822209000 	/usr/lib/libxar.1.dylib
0x00007ff822192000 	/System/Library/PrivateFrameworks/APFS.framework/Versions/A/APFS
0x00007ffd15a44000 	/System/Library/PrivateFrameworks/SwiftASN1Internal.framework/Versions/A/SwiftASN1Internal
0x00007ff822217000 	/usr/lib/libutil.dylib
0x00007ff81e2a3000 	/System/Library/PrivateFrameworks/AppleSystemInfo.framework/Versions/A/AppleSystemInfo
0x00007ff81f842000 	/System/Library/PrivateFrameworks/IOMobileFramebuffer.framework/Versions/A/IOMobileFramebuffer
0x00007ff91b34d000 	/System/Library/PrivateFrameworks/LoggingSupport.framework/Versions/A/LoggingSupport
0x00007ff825360000 	/System/Library/PrivateFrameworks/MobileAsset.framework/Versions/A/MobileAsset
0x00007ff82a3a5000 	/System/Library/PrivateFrameworks/PowerLog.framework/Versions/A/PowerLog
0x00007ffb1d9c5000 	/System/Library/Frameworks/SwiftData.framework/Versions/A/SwiftData
0x00007ff81b3ff000 	/System/Library/PrivateFrameworks/UserManagement.framework/Versions/A/UserManagement
0x00007ff816610000 	/usr/lib/libboringssl.dylib
0x00007ff8188c9000 	/usr/lib/libdns_services.dylib
0x00007ff91a3fd000 	/usr/lib/libquic.dylib
0x00007ff824636000 	/usr/lib/libusrtcp.dylib
0x00007ffb2482b000 	/System/Library/PrivateFrameworks/AtomicsInternal.framework/Versions/A/AtomicsInternal
0x00007ffa20ca3000 	/System/Library/PrivateFrameworks/InternalSwiftProtobuf.framework/Versions/A/InternalSwiftProtobuf
0x00007ffd27e04000 	/usr/lib/swift/libswiftDistributed.dylib
0x00007ff81e2a2000 	/System/Library/PrivateFrameworks/AggregateDictionary.framework/Versions/A/AggregateDictionary
0x00007ffb24e96000 	/System/Library/PrivateFrameworks/BiomeLibrary.framework/Versions/A/BiomeLibrary
0x00007ff92a14e000 	/System/Library/PrivateFrameworks/BiomeStreams.framework/Versions/A/BiomeStreams
0x00007ff92618e000 	/System/Library/PrivateFrameworks/BiomeFoundation.framework/Versions/A/BiomeFoundation
0x00007ffa1076d000 	/System/Library/PrivateFrameworks/BiomePubSub.framework/Versions/A/BiomePubSub
0x00007ff82f044000 	/System/Library/PrivateFrameworks/ProactiveSupport.framework/Versions/A/ProactiveSupport
0x00007ff822170000 	/usr/lib/liblzma.5.dylib
0x00007ff82da4a000 	/System/Library/PrivateFrameworks/InternationalTextSearch.framework/Versions/A/InternationalTextSearch
0x00007ff9229b3000 	/System/Library/PrivateFrameworks/SoftwareUpdateCoreSupport.framework/Versions/A/SoftwareUpdateCoreSupport
0x00007ff92aaaa000 	/System/Library/PrivateFrameworks/SoftwareUpdateCoreConnect.framework/Versions/A/SoftwareUpdateCoreConnect
0x00007ff82d5f5000 	/System/Library/PrivateFrameworks/RemoteServiceDiscovery.framework/Versions/A/RemoteServiceDiscovery
0x00007ff922599000 	/System/Library/PrivateFrameworks/MSUDataAccessor.framework/Versions/A/MSUDataAccessor
0x00007ff91d65c000 	/usr/lib/libbootpolicy.dylib
0x00007ff82d60a000 	/System/Library/PrivateFrameworks/RemoteXPC.framework/Versions/A/RemoteXPC
0x00007ff929fff000 	/usr/lib/libFDR.dylib
0x00007ffa103d5000 	/usr/lib/libamsupport.dylib
0x00007ffb23402000 	/System/Library/PrivateFrameworks/AppleDeviceQuerySupport.framework/Versions/A/AppleDeviceQuerySupport
0x00007ffa13420000 	/usr/lib/libpartition2_dynamic.dylib
0x00007ff820b4a000 	/System/Library/PrivateFrameworks/AppleSauce.framework/Versions/A/AppleSauce
0x00007ffd266fa000 	/usr/lib/libAppleArchive.dylib
0x00007ff820426000 	/usr/lib/libbz2.1.0.dylib
0x00007ff819ef2000 	/System/Library/Frameworks/Accelerate.framework/Versions/A/Frameworks/vImage.framework/Versions/A/vImage
0x00007ff829307000 	/System/Library/Frameworks/Accelerate.framework/Versions/A/Frameworks/vecLib.framework/Versions/A/vecLib
0x00007ff82224c000 	/System/Library/Frameworks/Accelerate.framework/Versions/A/Frameworks/vecLib.framework/Versions/A/libvMisc.dylib
0x00007ff811335000 	/System/Library/Frameworks/Accelerate.framework/Versions/A/Frameworks/vecLib.framework/Versions/A/libBLAS.dylib
0x00007ff81b34d000 	/System/Library/Frameworks/CoreVideo.framework/Versions/A/CoreVideo
0x00007ff824f1b000 	/System/Library/Frameworks/ApplicationServices.framework/Versions/A/Frameworks/ATS.framework/Versions/A/ATS
0x00007ff823684000 	/System/Library/Frameworks/ApplicationServices.framework/Versions/A/Frameworks/PrintCore.framework/Versions/A/PrintCore
0x00007ff8252d2000 	/System/Library/Frameworks/ApplicationServices.framework/Versions/A/Frameworks/QD.framework/Versions/A/QD
0x00007ff8252ce000 	/System/Library/Frameworks/ApplicationServices.framework/Versions/A/Frameworks/ColorSyncLegacy.framework/Versions/A/ColorSyncLegacy
0x00007ff824ef1000 	/System/Library/Frameworks/ApplicationServices.framework/Versions/A/Frameworks/SpeechSynthesis.framework/Versions/A/SpeechSynthesis
0x00007ff81d353000 	/System/Library/PrivateFrameworks/FontServices.framework/libFontParser.dylib
0x00007ff82d32c000 	/System/Library/PrivateFrameworks/BackBoardServices.framework/Versions/A/BackBoardServices
0x00007ffb24dbf000 	/System/Library/PrivateFrameworks/BackBoardHIDEventFoundation.framework/Versions/A/BackBoardHIDEventFoundation
0x00007ff812cee000 	/System/Library/Frameworks/CoreDisplay.framework/Versions/A/CoreDisplay
0x00007ff822ecc000 	/System/Library/Frameworks/VideoToolbox.framework/Versions/A/VideoToolbox
0x00007ff820bae000 	/System/Library/Frameworks/MetalPerformanceShaders.framework/Versions/A/MetalPerformanceShaders
0x00007ffc2aaf1000 	/System/Library/PrivateFrameworks/ProDisplayLibrary.framework/Versions/A/ProDisplayLibrary
0x00007ff90e825000 	/System/Library/PrivateFrameworks/IOSurfaceAccelerator.framework/Versions/A/IOSurfaceAccelerator
0x00007ff81ce8c000 	/System/Library/PrivateFrameworks/IOAccelerator.framework/Versions/A/IOAccelerator
0x00007ff81d1b0000 	/System/Library/Frameworks/CoreMedia.framework/Versions/A/CoreMedia
0x00007ff816b2e000 	/System/Library/PrivateFrameworks/TCC.framework/Versions/A/TCC
0x00007ff822e86000 	/System/Library/PrivateFrameworks/WatchdogClient.framework/Versions/A/WatchdogClient
0x00007ffa107ce000 	/System/Library/PrivateFrameworks/BiomeStorage.framework/Versions/A/BiomeStorage
0x00007ffc1d5f1000 	/System/Library/PrivateFrameworks/IntelligencePlatformLibrary.framework/Versions/A/IntelligencePlatformLibrary
0x00007ffc29f8d000 	/System/Library/PrivateFrameworks/PoirotSchematizer.framework/Versions/A/PoirotSchematizer
0x00007ffb257cf000 	/System/Library/PrivateFrameworks/BiomeSync.framework/Versions/A/BiomeSync
0x00007ffb24e7d000 	/System/Library/PrivateFrameworks/BiomeDSL.framework/Versions/A/BiomeDSL
0x00007ffc29ffa000 	/System/Library/PrivateFrameworks/PoirotUDFs.framework/Versions/A/PoirotUDFs
0x00007ffc29f62000 	/System/Library/PrivateFrameworks/PoirotSQLite.framework/Versions/A/PoirotSQLite
0x00007ff82bb2e000 	/System/Library/PrivateFrameworks/CoreTime.framework/Versions/A/CoreTime
0x00007ff8209f7000 	/usr/lib/libiconv.2.dylib
0x00007ff820953000 	/usr/lib/libcharset.1.dylib
0x00007ffd28071000 	/usr/lib/swift/libswift_RegexParser.dylib
0x00007ffb26ba7000 	/System/Library/PrivateFrameworks/CascadeSets.framework/Versions/A/CascadeSets
0x00007ff8254c9000 	/System/Library/PrivateFrameworks/CorePhoneNumbers.framework/Versions/A/CorePhoneNumbers
0x00007ff822d53000 	/System/Library/PrivateFrameworks/AppleJPEG.framework/Versions/A/AppleJPEG
0x00007ff822782000 	/usr/lib/libexpat.1.dylib
0x00007ff82354b000 	/System/Library/Frameworks/ImageIO.framework/Versions/A/Resources/libPng.dylib
0x00007ff82357a000 	/System/Library/Frameworks/ImageIO.framework/Versions/A/Resources/libTIFF.dylib
0x00007ff82366d000 	/System/Library/Frameworks/ImageIO.framework/Versions/A/Resources/libGIF.dylib
0x00007ff822d9f000 	/System/Library/Frameworks/ImageIO.framework/Versions/A/Resources/libJP2.dylib
0x00007ff82360d000 	/System/Library/Frameworks/ImageIO.framework/Versions/A/Resources/libJPEG.dylib
0x00007ff823604000 	/System/Library/Frameworks/ImageIO.framework/Versions/A/Resources/libRadiance.dylib
0x00007ffc150f1000 	/System/Library/PrivateFrameworks/GPUCompiler.framework/Versions/32023/Libraries/libllvm-flatbuffers.dylib
0x00007ffc0f848000 	/System/Library/PrivateFrameworks/FramePacing.framework/Versions/A/FramePacing
0x00007ffb15f66000 	/System/Library/Frameworks/OpenGL.framework/Versions/A/Libraries/libCoreFSCache.dylib
0x00007ffc107bc000 	/System/Library/PrivateFrameworks/GPUCompiler.framework/Versions/32023/Libraries/libGPUCompilerUtils.dylib
0x00007ff82b6c4000 	/System/Library/PrivateFrameworks/GraphicsServices.framework/Versions/A/GraphicsServices
0x00007ffa1c51f000 	/System/Library/PrivateFrameworks/Symbolication.framework/Versions/A/Symbolication
0x00007ffc29b8e000 	/System/Library/PrivateFrameworks/PhotosensitivityProcessing.framework/Versions/A/PhotosensitivityProcessing
0x00007ffb16c31000 	/System/Library/Frameworks/OpenCL.framework/Versions/A/OpenCL
0x00007ff82299c000 	/System/Library/PrivateFrameworks/GraphVisualizer.framework/Versions/A/GraphVisualizer
0x00007ffb15fc4000 	/System/Library/Frameworks/OpenGL.framework/Versions/A/Libraries/libGLU.dylib
0x00007ffb15f85000 	/System/Library/Frameworks/OpenGL.framework/Versions/A/Libraries/libGFXShared.dylib
0x00007ffb16184000 	/System/Library/Frameworks/OpenGL.framework/Versions/A/Libraries/libGL.dylib
0x00007ffb15f8e000 	/System/Library/Frameworks/OpenGL.framework/Versions/A/Libraries/libGLImage.dylib
0x00007ffb15f82000 	/System/Library/Frameworks/OpenGL.framework/Versions/A/Libraries/libCVMSPluginSupport.dylib
0x00007ffb15f6d000 	/System/Library/Frameworks/OpenGL.framework/Versions/A/Libraries/libCoreVMClient.dylib
0x00007ffc0f756000 	/System/Library/PrivateFrameworks/FontServices.framework/Versions/A/FontServices
0x00007ff8229af000 	/System/Library/PrivateFrameworks/OTSVG.framework/Versions/A/OTSVG
0x00007ff81aea4000 	/System/Library/Frameworks/ApplicationServices.framework/Versions/A/Frameworks/ATS.framework/Versions/A/Resources/libFontRegistry.dylib
0x00007ffd2716c000 	/usr/lib/libhvf.dylib
0x00007ffc27031000 	/System/Library/PrivateFrameworks/ParsingInternal.framework/Versions/A/ParsingInternal
0x00007ffd27e47000 	/usr/lib/swift/libswiftRegexBuilder.dylib
0x00007ffc0f757000 	/System/Library/PrivateFrameworks/FontServices.framework/libXTFontStaticRegistryData.dylib
0x00007ff81e1db000 	/System/Library/Frameworks/MetalPerformanceShaders.framework/Versions/A/Frameworks/MPSCore.framework/Versions/A/MPSCore
0x00007ff820376000 	/System/Library/Frameworks/MetalPerformanceShaders.framework/Versions/A/Frameworks/MPSImage.framework/Versions/A/MPSImage
0x00007ff81fbe2000 	/System/Library/Frameworks/MetalPerformanceShaders.framework/Versions/A/Frameworks/MPSNeuralNetwork.framework/Versions/A/MPSNeuralNetwork
0x00007ff820140000 	/System/Library/Frameworks/MetalPerformanceShaders.framework/Versions/A/Frameworks/MPSMatrix.framework/Versions/A/MPSMatrix
0x00007ff81fef6000 	/System/Library/Frameworks/MetalPerformanceShaders.framework/Versions/A/Frameworks/MPSRayIntersector.framework/Versions/A/MPSRayIntersector
0x00007ff82017f000 	/System/Library/Frameworks/MetalPerformanceShaders.framework/Versions/A/Frameworks/MPSNDArray.framework/Versions/A/MPSNDArray
0x00007ffb1aac1000 	/System/Library/Frameworks/MetalPerformanceShaders.framework/Versions/A/Frameworks/MPSFunctions.framework/Versions/A/MPSFunctions
0x00007ffb1aaa1000 	/System/Library/Frameworks/MetalPerformanceShaders.framework/Versions/A/Frameworks/MPSBenchmarkLoop.framework/Versions/A/MPSBenchmarkLoop
0x00007ff811143000 	/System/Library/PrivateFrameworks/MetalTools.framework/Versions/A/MetalTools
0x00007ff920870000 	/System/Library/PrivateFrameworks/IOAccelMemoryInfo.framework/Versions/A/IOAccelMemoryInfo
0x00007ffa0ed80000 	/System/Library/PrivateFrameworks/kperf.framework/Versions/A/kperf
0x00007ff91b462000 	/System/Library/PrivateFrameworks/GPURawCounter.framework/Versions/A/GPURawCounter
0x00007ff82ba10000 	/System/Library/PrivateFrameworks/CoreSymbolication.framework/Versions/A/CoreSymbolication
0x00007ff91b3df000 	/System/Library/PrivateFrameworks/MallocStackLogging.framework/Versions/A/MallocStackLogging
0x00007ff82b9f1000 	/System/Library/PrivateFrameworks/DebugSymbols.framework/Versions/A/DebugSymbols
0x00007ff92d046000 	/System/Library/PrivateFrameworks/OSAnalytics.framework/Versions/A/OSAnalytics
0x00007ffb2db64000 	/System/Library/PrivateFrameworks/DeviceRecovery.framework/Versions/A/DeviceRecovery
0x00007ffb18b51000 	/System/Library/Frameworks/ExtensionFoundation.framework/Versions/A/ExtensionFoundation
0x00007ff8229f5000 	/System/Library/PrivateFrameworks/AppServerSupport.framework/Versions/A/AppServerSupport
0x00007ff822672000 	/System/Library/PrivateFrameworks/PlugInKit.framework/Versions/A/PlugInKit
0x00007ff81fa64000 	/System/Library/PrivateFrameworks/AssertionServices.framework/Versions/A/AssertionServices
0x00007ff8227a7000 	/System/Library/PrivateFrameworks/IconFoundation.framework/Versions/A/IconFoundation
0x00007ffc1abff000 	/System/Library/PrivateFrameworks/IconRendering.framework/Versions/A/IconRendering
0x00007ffc2c5de000 	/System/Library/PrivateFrameworks/SFSymbols.framework/Versions/A/SFSymbols
0x00007ff812e1c000 	/System/Library/PrivateFrameworks/AudioToolboxCore.framework/Versions/A/AudioToolboxCore
0x00007ff824e60000 	/System/Library/PrivateFrameworks/AudioSession.framework/Versions/A/AudioSession
0x00007ff830474000 	/System/Library/Frameworks/CoreMIDI.framework/Versions/A/CoreMIDI
0x00007ff824ed9000 	/usr/lib/libAudioStatistics.dylib
0x00007ff81d18b000 	/System/Library/PrivateFrameworks/caulk.framework/Versions/A/caulk
0x00007ff823529000 	/usr/lib/libAudioToolboxUtility.dylib
0x00007ff91b466000 	/usr/lib/swift/libswiftCoreAudio.dylib
0x00007ff921e2d000 	/usr/lib/swift/libswiftCoreMIDI.dylib
0x00007ff8252dc000 	/System/Library/PrivateFrameworks/perfdata.framework/Versions/A/perfdata
0x00007ff91a4eb000 	/System/Library/PrivateFrameworks/SystemPolicy.framework/Versions/A/SystemPolicy
0x00007ff82517f000 	/usr/lib/libSMC.dylib
0x00007ff8252ea000 	/usr/lib/libperfcheck.dylib
0x00007ffb248e0000 	/System/Library/PrivateFrameworks/AudioAnalytics.framework/Versions/A/AudioAnalytics
0x00007ffd2803a000 	/usr/lib/swift/libswift_DarwinFoundation2.dylib
0x00007ffd2803b000 	/usr/lib/swift/libswift_DarwinFoundation3.dylib
0x00007ffa209d8000 	/System/Library/Frameworks/OSLog.framework/Versions/A/OSLog
0x00007ff91b40f000 	/usr/lib/libmis.dylib
0x00007ff8228c6000 	/System/Library/PrivateFrameworks/MediaExperience.framework/Versions/A/MediaExperience
0x00007ff824c48000 	/System/Library/PrivateFrameworks/AudioSession.framework/libSessionUtility.dylib
0x00007ff823673000 	/System/Library/PrivateFrameworks/CMCaptureCore.framework/Versions/A/CMCaptureCore
0x00007ff82a27f000 	/System/Library/Frameworks/CoreBluetooth.framework/Versions/A/CoreBluetooth
0x00007ff81f8d1000 	/System/Library/PrivateFrameworks/CoreUtils.framework/Versions/A/CoreUtils
0x00007ff9139f4000 	/System/Library/PrivateFrameworks/HID.framework/Versions/A/HID
0x00007ffb2d184000 	/System/Library/PrivateFrameworks/CoreUtilsExtras.framework/Versions/A/CoreUtilsExtras
0x00007ffc1ab5c000 	/System/Library/PrivateFrameworks/IO80211.framework/Versions/A/IO80211
0x00007ff820468000 	/System/Library/PrivateFrameworks/AuthKit.framework/Versions/A/AuthKit
0x00007ff826b80000 	/System/Library/Frameworks/IOBluetooth.framework/Versions/A/IOBluetooth
0x00007ff822518000 	/usr/lib/libIOReport.dylib
0x00007ff81fa71000 	/System/Library/Frameworks/SecurityFoundation.framework/Versions/A/SecurityFoundation
0x00007ff811509000 	/System/Library/PrivateFrameworks/Lexicon.framework/Versions/A/Lexicon
0x00007ff81fbc9000 	/usr/lib/libgermantok.dylib
0x00007ff81e3ba000 	/System/Library/PrivateFrameworks/LinguisticData.framework/Versions/A/LinguisticData
0x00007ff824f8e000 	/System/Library/PrivateFrameworks/MultiverseSupport.framework/Versions/A/MultiverseSupport
0x00007ff82a4bb000 	/System/Library/PrivateFrameworks/DiskManagement.framework/Versions/A/DiskManagement
0x00007ff82a3d5000 	/System/Library/PrivateFrameworks/AppleIDAuthSupport.framework/Versions/A/AppleIDAuthSupport
0x00007ffb1fd92000 	/System/Library/PrivateFrameworks/AAAFoundation.framework/Versions/A/AAAFoundation
0x00007ff825487000 	/System/Library/PrivateFrameworks/KeychainCircle.framework/Versions/A/KeychainCircle
0x00007ff914838000 	/System/Library/PrivateFrameworks/URLFormatting.framework/Versions/A/URLFormatting
0x00007ff82d6ae000 	/usr/lib/libcsfde.dylib
0x00007ff8226bd000 	/usr/lib/libCoreStorage.dylib
0x00007ff82a488000 	/System/Library/PrivateFrameworks/MediaKit.framework/Versions/A/MediaKit
0x00007ff82a3e2000 	/System/Library/Frameworks/DiscRecording.framework/Versions/A/DiscRecording
0x00007ff826c54000 	/System/Library/PrivateFrameworks/ProtectedCloudStorage.framework/Versions/A/ProtectedCloudStorage
0x00007ff82d6aa000 	/System/Library/PrivateFrameworks/EFILogin.framework/Versions/A/EFILogin
0x00007ff82279e000 	/usr/lib/libheimdal-asn1.dylib
0x00007ff82ab95000 	/System/Library/PrivateFrameworks/OctagonTrust.framework/Versions/A/OctagonTrust
0x00007ff82df29000 	/System/Library/Frameworks/AudioUnit.framework/Versions/A/AudioUnit
0x00007ff81b1c2000 	/System/Library/Frameworks/OpenDirectory.framework/Versions/A/OpenDirectory
0x00007ff81b1ce000 	/System/Library/Frameworks/OpenDirectory.framework/Versions/A/Frameworks/CFOpenDirectory.framework/Versions/A/CFOpenDirectory
0x00007ffb17378000 	/System/Library/Frameworks/AVFAudio.framework/Versions/A/AVFAudio
0x00007ff914922000 	/usr/lib/libAccessibility.dylib
0x00007ffc1e0b5000 	/System/Library/PrivateFrameworks/IsolatedCoreAudioClient.framework/Versions/A/IsolatedCoreAudioClient
0x00007ffa17007000 	/usr/lib/swift/libswiftCoreMedia.dylib
0x00007ffd18ecf000 	/System/Library/PrivateFrameworks/Tightbeam.framework/Versions/A/Tightbeam
0x00007ffb2922d000 	/System/Library/PrivateFrameworks/CoreAudioOrchestration.framework/Versions/A/CoreAudioOrchestration
0x00007ffa138d4000 	/System/Library/PrivateFrameworks/AFKUser.framework/Versions/A/AFKUser
0x00007ff8295ef000 	/System/Library/Frameworks/MediaAccessibility.framework/Versions/A/MediaAccessibility
0x00007ffd1cb98000 	/System/Library/PrivateFrameworks/VideoToolboxParavirtualizationSupport.framework/Versions/A/VideoToolboxParavirtualizationSupport
0x00007ff822734000 	/System/Library/PrivateFrameworks/AppleVA.framework/Versions/A/AppleVA
0x00007ff8235fd000 	/System/Library/PrivateFrameworks/GPUWrangler.framework/Versions/A/GPUWrangler
0x00007ff8235e1000 	/System/Library/PrivateFrameworks/IOPresentment.framework/Versions/A/IOPresentment
0x00007ff823607000 	/System/Library/PrivateFrameworks/DSExternalDisplay.framework/Versions/A/DSExternalDisplay
0x00007ffb24570000 	/System/Library/PrivateFrameworks/ArgumentParserInternal.framework/Versions/A/ArgumentParserInternal
0x00007ffb243d3000 	/System/Library/PrivateFrameworks/AppleMobileFileIntegrity.framework/Versions/A/AppleMobileFileIntegrity
0x00007ffd26b81000 	/usr/lib/libTLE.dylib
0x00007ffb115d6000 	/System/Library/PrivateFrameworks/ConfigProfileHelper.framework/Versions/A/ConfigProfileHelper
0x00007ffa263be000 	/usr/lib/libedit.3.dylib
0x00007ffc1f2ce000 	/System/Library/PrivateFrameworks/MIL.framework/Versions/A/MIL
0x00007ff920835000 	/usr/lib/libncurses.5.4.dylib
0x00007ff81f80d000 	/System/Library/PrivateFrameworks/CoreEmoji.framework/Versions/A/CoreEmoji
0x00007ff81186f000 	/usr/lib/libCRFSuite.dylib
0x00007ff81e2aa000 	/System/Library/PrivateFrameworks/CoreNLP.framework/Versions/A/CoreNLP
0x00007ff81fb6e000 	/usr/lib/libmecab.dylib
0x00007ff820b42000 	/usr/lib/libThaiTokenizer.dylib
0x00007ffa20e7b000 	/System/Library/PrivateFrameworks/HIDDisplay.framework/Versions/A/HIDDisplay
0x00007ff82363e000 	/System/Library/Frameworks/ApplicationServices.framework/Versions/A/Frameworks/ATSUI.framework/Versions/A/ATSUI
0x00007ff825260000 	/usr/lib/libcups.2.dylib
0x00007ff8252f9000 	/System/Library/Frameworks/Kerberos.framework/Versions/A/Kerberos
0x00007ff824f5e000 	/usr/lib/libresolv.9.dylib
0x00007ff822a0a000 	/System/Library/PrivateFrameworks/Heimdal.framework/Versions/A/Heimdal
0x00007ff82df28000 	/System/Library/Frameworks/Kerberos.framework/Versions/A/Libraries/libHeimdalProxy.dylib
0x00007ff825351000 	/System/Library/PrivateFrameworks/CommonAuth.framework/Versions/A/CommonAuth
0x00007ff914841000 	/System/Library/PrivateFrameworks/AXCoreUtilities.framework/Versions/A/AXCoreUtilities
0x00007ffd26617000 	/usr/lib/libAXSafeCategoryBundle.dylib
0x00007ff81f616000 	/System/Library/Frameworks/Accelerate.framework/Versions/A/Frameworks/vecLib.framework/Versions/A/libvDSP.dylib
0x00007ff820c9b000 	/System/Library/Frameworks/Accelerate.framework/Versions/A/Frameworks/vecLib.framework/Versions/A/libLAPACK.dylib
0x00007ff81fbcc000 	/System/Library/Frameworks/Accelerate.framework/Versions/A/Frameworks/vecLib.framework/Versions/A/libLinearAlgebra.dylib
0x00007ff820b85000 	/System/Library/Frameworks/Accelerate.framework/Versions/A/Frameworks/vecLib.framework/Versions/A/libSparseBLAS.dylib
0x00007ff820c95000 	/System/Library/Frameworks/Accelerate.framework/Versions/A/Frameworks/vecLib.framework/Versions/A/libQuadrature.dylib
0x00007ff81e3c1000 	/System/Library/Frameworks/Accelerate.framework/Versions/A/Frameworks/vecLib.framework/Versions/A/libBNNS.dylib
0x00007ff811612000 	/System/Library/Frameworks/Accelerate.framework/Versions/A/Frameworks/vecLib.framework/Versions/A/libSparse.dylib
0x00007ff8252c3000 	/System/Library/PrivateFrameworks/NetAuth.framework/Versions/A/NetAuth
0x00007ff81b3c2000 	/System/Library/PrivateFrameworks/login.framework/Versions/A/Frameworks/loginsupport.framework/Versions/A/loginsupport
0x00007ff81fb3c000 	/usr/lib/libCheckFix.dylib
0x00007ff819dff000 	/System/Library/PrivateFrameworks/MetadataUtilities.framework/Versions/A/MetadataUtilities
0x00007ffc1b467000 	/System/Library/PrivateFrameworks/InstalledContentLibrary.framework/Versions/A/InstalledContentLibrary
0x00007ff8145c7000 	/System/Library/PrivateFrameworks/CoreServicesStore.framework/Versions/A/CoreServicesStore
0x00007ffa0ee7d000 	/System/Library/PrivateFrameworks/MobileSystemServices.framework/Versions/A/MobileSystemServices
0x00007ff82221b000 	/usr/lib/libxslt.1.dylib
0x00007ff81fb00000 	/System/Library/PrivateFrameworks/BackgroundTaskManagement.framework/Versions/A/BackgroundTaskManagement
0x00007ff82d6b9000 	/usr/lib/libcurl.4.dylib
0x00007ffd26f19000 	/usr/lib/libcrypto.46.dylib
0x00007ffd27b3e000 	/usr/lib/libssl.48.dylib
0x00007ff82d39c000 	/System/Library/Frameworks/LDAP.framework/Versions/A/LDAP
0x00007ff82d3d7000 	/System/Library/PrivateFrameworks/TrustEvaluationAgent.framework/Versions/A/TrustEvaluationAgent
0x00007ff824f7b000 	/usr/lib/libsasl2.2.dylib
0x00007ff9186ab000 	/usr/lib/swift/libswiftCoreGraphics.dylib
0x00007ff829ca9000 	/usr/lib/swift/libswiftFoundation.dylib
0x00007ffb10fbf000 	/usr/lib/swift/libswiftSwiftOnoneSupport.dylib
0x00007ffd281a4000 	/usr/lib/swift/libswiftsys_time.dylib
0x00007ffa1cc27000 	/System/Library/PrivateFrameworks/CoreMaterial.framework/Versions/A/CoreMaterial
0x00007ffd27ee5000 	/usr/lib/swift/libswiftSpatial.dylib
0x00007ffd26b80000 	/usr/lib/libSpatial.dylib
0x00007ffd2652e000 	/System/Library/SubFrameworks/UIUtilities.framework/Versions/A/UIUtilities
0x000000010c046000 	/Library/Java/JavaVirtualMachines/zulu-8.jdk/Contents/Home/jre/lib/server/libjvm.dylib
0x000000010b24b000 	/Library/Java/JavaVirtualMachines/zulu-8.jdk/Contents/Home/jre/lib/libverify.dylib
0x000000010b2bb000 	/Library/Java/JavaVirtualMachines/zulu-8.jdk/Contents/Home/jre/lib/libjava.dylib
0x000000010b288000 	/Library/Java/JavaVirtualMachines/zulu-8.jdk/Contents/Home/jre/lib/libzip.dylib
0x000000010bdfb000 	/Library/Java/JavaVirtualMachines/zulu-8.jdk/Contents/Home/jre/lib/libnio.dylib
0x000000010be58000 	/Library/Java/JavaVirtualMachines/zulu-8.jdk/Contents/Home/jre/lib/libnet.dylib
0x000000019776f000 	/Library/Java/JavaVirtualMachines/zulu-8.jdk/Contents/Home/jre/lib/libawt.dylib
0x00000001978dd000 	/Library/Java/JavaVirtualMachines/zulu-8.jdk/Contents/Home/jre/lib/libmlib_image.dylib
0x00007ffb19c10000 	/System/Library/Frameworks/JavaNativeFoundation.framework/Versions/A/JavaNativeFoundation
0x00007ffb19c19000 	/System/Library/Frameworks/JavaRuntimeSupport.framework/Versions/A/JavaRuntimeSupport
0x00007ff919eec000 	/System/Library/Frameworks/Carbon.framework/Versions/A/Carbon
0x00007ff910300000 	/System/Library/Frameworks/Carbon.framework/Versions/A/Frameworks/CommonPanels.framework/Versions/A/CommonPanels
0x00007ff82d6a6000 	/System/Library/Frameworks/Carbon.framework/Versions/A/Frameworks/Help.framework/Versions/A/Help
0x00007ff910304000 	/System/Library/Frameworks/Carbon.framework/Versions/A/Frameworks/ImageCapture.framework/Versions/A/ImageCapture
0x00007ff9102e1000 	/System/Library/Frameworks/Carbon.framework/Versions/A/Frameworks/OpenScripting.framework/Versions/A/OpenScripting
0x00007ff9102ff000 	/System/Library/Frameworks/Carbon.framework/Versions/A/Frameworks/Ink.framework/Versions/A/Ink
0x00007ff9102fc000 	/System/Library/Frameworks/Carbon.framework/Versions/A/Frameworks/SecurityHI.framework/Versions/A/SecurityHI
0x0000000197a9c000 	/Library/Java/JavaVirtualMachines/zulu-8.jdk/Contents/Home/jre/lib/libawt_lwawt.dylib
0x000000010bf0d000 	/Library/Java/JavaVirtualMachines/zulu-8.jdk/Contents/Home/jre/lib/libosxapp.dylib
0x00007ff91870f000 	/System/Library/Frameworks/ExceptionHandling.framework/Versions/A/ExceptionHandling
0x00007ffb17600000 	/System/Library/Frameworks/AppIntents.framework/Versions/A/AppIntents
0x00007ffb1d2a4000 	/System/Library/Frameworks/RelevanceKit.framework/Versions/A/RelevanceKit
0x00007ff82076b000 	/System/Library/Frameworks/CoreSpotlight.framework/Versions/A/CoreSpotlight
0x00007ffc1ee4a000 	/System/Library/PrivateFrameworks/LinkServices.framework/Versions/A/LinkServices
0x00007ffc0dee1000 	/System/Library/PrivateFrameworks/DoNotDisturb.framework/Versions/A/DoNotDisturb
0x00007ffc1eccd000 	/System/Library/PrivateFrameworks/LinkMetadata.framework/Versions/A/LinkMetadata
0x00007ff91b486000 	/usr/lib/swift/libswiftIntents.dylib
0x00007ff92098b000 	/System/Library/PrivateFrameworks/IntentsCore.framework/Versions/A/IntentsCore
0x00007ffb24ca7000 	/System/Library/PrivateFrameworks/AvailabilityKit.framework/Versions/A/AvailabilityKit
0x00007ffb2222f000 	/System/Library/PrivateFrameworks/AppIntentSchemas.framework/Versions/A/AppIntentSchemas
0x00007ffc1569e000 	/System/Library/PrivateFrameworks/GRDBInternal.framework/Versions/A/GRDBInternal
0x00007ffd152dd000 	/System/Library/PrivateFrameworks/StatusKit.framework/Versions/A/StatusKit
0x00007ff82ab6b000 	/System/Library/PrivateFrameworks/GenerationalStorage.framework/Versions/A/GenerationalStorage
0x00007ff82a991000 	/System/Library/Frameworks/FileProvider.framework/Versions/A/FileProvider
0x00007ff816101000 	/System/Library/PrivateFrameworks/DesktopServicesPriv.framework/Versions/A/DesktopServicesPriv
0x00007ff91af35000 	/System/Library/PrivateFrameworks/FTServices.framework/Versions/A/FTServices
0x00007ff82cfb0000 	/System/Library/PrivateFrameworks/CoreWiFi.framework/Versions/A/CoreWiFi
0x00007ff81cb96000 	/System/Library/Frameworks/CoreLocation.framework/Versions/A/CoreLocation
0x00007ff82c8de000 	/System/Library/Frameworks/Intents.framework/Versions/A/Intents
0x00007ffb1f721000 	/System/Library/Frameworks/_LocationEssentials.framework/Versions/A/_LocationEssentials
0x00007ff82071d000 	/System/Library/Frameworks/UserNotifications.framework/Versions/A/UserNotifications
0x00007ff82681d000 	/System/Library/PrivateFrameworks/Sharing.framework/Versions/A/Sharing
0x00007ff82cfaf000 	/System/Library/PrivateFrameworks/Apple80211.framework/Versions/A/Apple80211
0x00007ff81f853000 	/System/Library/Frameworks/CoreWLAN.framework/Versions/A/CoreWLAN
0x00007ff921e12000 	/usr/lib/swift/libswiftCoreLocation.dylib
0x00007ffa282ea000 	/System/Library/PrivateFrameworks/WiFiPeerToPeer.framework/Versions/A/WiFiPeerToPeer
0x00007ffd27657000 	/usr/lib/libmrc.dylib
0x00007ffc1abcd000 	/System/Library/PrivateFrameworks/IPConfiguration.framework/Versions/A/IPConfiguration
0x00007ffa1cbec000 	/System/Library/PrivateFrameworks/Netrb.framework/Versions/A/Netrb
0x00007ff826ed1000 	/System/Library/PrivateFrameworks/GeoServices.framework/Versions/A/GeoServices
0x00007ff824c11000 	/System/Library/PrivateFrameworks/LocationSupport.framework/Versions/A/LocationSupport
0x00007ffc17f56000 	/System/Library/PrivateFrameworks/GeoServicesCore.framework/Versions/A/GeoServicesCore
0x00007ff914837000 	/System/Library/PrivateFrameworks/PhoneNumbers.framework/Versions/A/PhoneNumbers
0x00007ffc1f1ce000 	/System/Library/PrivateFrameworks/LocationLogEncryption.framework/Versions/A/LocationLogEncryption
0x00007ff8261cd000 	/System/Library/PrivateFrameworks/IDS.framework/Versions/A/IDS
0x00007ffa2364d000 	/System/Library/Frameworks/CryptoKit.framework/Versions/A/CryptoKit
0x00007ff82df24000 	/System/Library/PrivateFrameworks/CryptoKitCBridging.framework/Versions/A/CryptoKitCBridging
0x00007ff82b6d4000 	/System/Library/Frameworks/CryptoTokenKit.framework/Versions/A/CryptoTokenKit
0x00007ff82b750000 	/System/Library/Frameworks/LocalAuthentication.framework/Versions/A/LocalAuthentication
0x00007ffc1f02d000 	/System/Library/PrivateFrameworks/LocalAuthenticationCore.framework/Versions/A/LocalAuthenticationCore
0x00007ffc1f184000 	/System/Library/PrivateFrameworks/LocalAuthenticationCredentialServices.framework/Versions/A/LocalAuthenticationCredentialServices
0x00007ff82b7b3000 	/System/Library/Frameworks/LocalAuthentication.framework/Support/SharedUtils.framework/Versions/A/SharedUtils
0x00007ff824b9e000 	/System/Library/PrivateFrameworks/IMFoundation.framework/Versions/A/IMFoundation
0x00007ff913cf8000 	/System/Library/PrivateFrameworks/Marco.framework/Versions/A/Marco
0x00007ff8263af000 	/System/Library/PrivateFrameworks/IDSFoundation.framework/Versions/A/IDSFoundation
0x00007ff8186e9000 	/System/Library/PrivateFrameworks/CommonUtilities.framework/Versions/A/CommonUtilities
0x00007ff9102ca000 	/System/Library/PrivateFrameworks/Engram.framework/Versions/A/Engram
0x00007ff92923f000 	/usr/lib/swift/libswiftCompression.dylib
0x00007ff91026c000 	/usr/lib/libtidy.A.dylib
0x00007ff822cdb000 	/System/Library/PrivateFrameworks/Bom.framework/Versions/A/Bom
0x00007ff824f9b000 	/usr/lib/libParallelCompression.dylib
0x00007ff929b5b000 	/System/Library/PrivateFrameworks/FTAWD.framework/Versions/A/FTAWD
0x00007ff8146e4000 	/usr/lib/libsandbox.1.dylib
0x00007ff8226b5000 	/usr/lib/libMatch.1.dylib
0x00007ff82dfe1000 	/System/Library/PrivateFrameworks/IntentsFoundation.framework/Versions/A/IntentsFoundation
0x00007ff81b091000 	/System/Library/PrivateFrameworks/ViewBridge.framework/Versions/A/ViewBridge
0x00000001a2c28000 	/usr/lib/libobjc-trampolines.dylib
0x00007ff925069000 	/System/Library/CoreServices/RawCamera.bundle/Contents/MacOS/RawCamera
0x00007ff823b76000 	/System/Library/Frameworks/MediaToolbox.framework/Versions/A/MediaToolbox
0x00007ff82a965000 	/System/Library/PrivateFrameworks/CoreAVCHD.framework/Versions/A/CoreAVCHD
0x00007ff82a961000 	/System/Library/PrivateFrameworks/Mangrove.framework/Versions/A/Mangrove
0x00007ffb26395000 	/System/Library/PrivateFrameworks/CMPhoto.framework/Versions/A/CMPhoto
0x00007ff82b0dd000 	/System/Library/Frameworks/CoreTelephony.framework/Versions/A/CoreTelephony
0x00007ff82b8c2000 	/System/Library/PrivateFrameworks/AppleVPA.framework/Versions/A/AppleVPA
0x00007ff82a5a6000 	/System/Library/PrivateFrameworks/CoreAUC.framework/Versions/A/CoreAUC
0x00007ffb237f7000 	/System/Library/PrivateFrameworks/AppleJPEGXL.framework/Versions/A/AppleJPEGXL
0x00007ff8254d8000 	/usr/lib/libTelephonyUtilDynamic.dylib
0x00007ff921df5000 	/System/Library/Frameworks/Accelerate.framework/Versions/A/Frameworks/vImage.framework/Versions/A/Libraries/libCGInterfaces.dylib
0x00007ffb1f65f000 	/System/Library/Frameworks/_AppIntents_AppKit.framework/Versions/A/_AppIntents_AppKit
0x00007ffd2661b000 	/usr/lib/libAccessibilityBaseImplementations.dylib
0x00007ffd20782000 	/System/Library/PrivateFrameworks/WritingToolsUI.framework/Versions/A/WritingToolsUI
0x00007ffc17a28000 	/System/Library/PrivateFrameworks/GenerativeAssistantSettings.framework/Versions/A/GenerativeAssistantSettings
0x00007ffd16deb000 	/System/Library/PrivateFrameworks/TextComposer.framework/Versions/A/TextComposer
0x00007ffc17a05000 	/System/Library/PrivateFrameworks/GenerativeAssistantCommon.framework/Versions/A/GenerativeAssistantCommon
0x00007ff922e45000 	/System/Library/Frameworks/SwiftUI.framework/Versions/A/SwiftUI
0x00007ffb1f68e000 	/System/Library/Frameworks/_AuthenticationServices_SwiftUI.framework/Versions/A/_AuthenticationServices_SwiftUI
0x00007ffb21fef000 	/System/Library/PrivateFrameworks/Anvil.framework/Versions/A/Anvil
0x00007ff92240e000 	/System/Library/PrivateFrameworks/AppStoreDaemon.framework/Versions/A/AppStoreDaemon
0x00007ff90df74000 	/System/Library/PrivateFrameworks/AppleMediaServices.framework/Versions/A/AppleMediaServices
0x00007ffc17df5000 	/System/Library/PrivateFrameworks/GenerativePartnerServiceUI.framework/Versions/A/GenerativePartnerServiceUI
0x00007ffb10655000 	/System/Library/PrivateFrameworks/JetEngine.framework/Versions/A/JetEngine
0x00007ffd16cdd000 	/System/Library/PrivateFrameworks/TextAnimationSupport.framework/Versions/A/TextAnimationSupport
0x00007ffc2b6d3000 	/System/Library/PrivateFrameworks/RecapPerformanceTesting.framework/Versions/A/RecapPerformanceTesting
0x00007ff91be34000 	/System/Library/PrivateFrameworks/SignpostCollection.framework/Versions/A/SignpostCollection
0x00007ffb24b82000 	/System/Library/PrivateFrameworks/AuthenticationServicesCore.framework/Versions/A/AuthenticationServicesCore
0x00007ff925515000 	/System/Library/Frameworks/AuthenticationServices.framework/Versions/A/AuthenticationServices
0x00007ff82264e000 	/System/Library/PrivateFrameworks/SharedWebCredentials.framework/Versions/A/SharedWebCredentials
0x00007ff91cdc4000 	/System/Library/PrivateFrameworks/SafariCore.framework/Versions/A/SafariCore
0x00007ff92501d000 	/System/Library/PrivateFrameworks/SafariFoundation.framework/Versions/A/SafariFoundation
0x00007ff829f41000 	/System/Library/Frameworks/Contacts.framework/Versions/A/Contacts
0x00007ffb25e4b000 	/System/Library/PrivateFrameworks/CBORLibrary.framework/Versions/A/CBORLibrary
0x00007ffb26c3b000 	/System/Library/PrivateFrameworks/Chirp.framework/Versions/A/Chirp
0x00007ffb27637000 	/System/Library/PrivateFrameworks/CloudSubscriptionFeatures.framework/Versions/A/CloudSubscriptionFeatures
0x00007ff829caa000 	/System/Library/PrivateFrameworks/ContactsFoundation.framework/Versions/A/ContactsFoundation
0x00007ffb1190e000 	/System/Library/PrivateFrameworks/RemoteManagement.framework/Versions/A/RemoteManagement
0x00007ffc2b9df000 	/System/Library/PrivateFrameworks/RemoteManagementModel.framework/Versions/A/RemoteManagementModel
0x00007ffc2ba6f000 	/System/Library/PrivateFrameworks/RemoteManagementStore.framework/Versions/A/RemoteManagementStore
0x00007ff826d60000 	/usr/lib/libxcselect.dylib
0x00007ff924f89000 	/System/Library/PrivateFrameworks/DifferentialPrivacy.framework/Versions/A/DifferentialPrivacy
0x00007ffc21423000 	/System/Library/PrivateFrameworks/ManagedSettingsObjC.framework/Versions/A/ManagedSettingsObjC
0x00007ffc1f1d2000 	/System/Library/PrivateFrameworks/LockdownMode.framework/Versions/A/LockdownMode
0x00007ffd1b7a3000 	/System/Library/PrivateFrameworks/VDAF.framework/Versions/A/VDAF
0x00007ff829d6e000 	/System/Library/PrivateFrameworks/ContactsPersistence.framework/Versions/A/ContactsPersistence
0x00007ff828f1f000 	/System/Library/PrivateFrameworks/AppleLDAP.framework/Versions/A/AppleLDAP
0x00007ff82da4d000 	/System/Library/Frameworks/ClassKit.framework/Versions/A/ClassKit
0x00007ff82fd51000 	/System/Library/PrivateFrameworks/CoreSuggestions.framework/Versions/A/CoreSuggestions
0x00007ff82b68a000 	/System/Library/PrivateFrameworks/vCard.framework/Versions/A/vCard
0x00007ffb280b6000 	/System/Library/PrivateFrameworks/ContactsMetrics.framework/Versions/A/ContactsMetrics
0x00007ff822ab6000 	/System/Library/PrivateFrameworks/login.framework/Versions/A/login
0x00007ffc2141e000 	/System/Library/PrivateFrameworks/ManagedOrganizationContacts.framework/Versions/A/ManagedOrganizationContacts
0x00007ff81b827000 	/System/Library/PrivateFrameworks/CloudDocs.framework/Versions/A/CloudDocs
0x00007ff914203000 	/System/Library/PrivateFrameworks/ProactiveEventTracker.framework/Versions/A/ProactiveEventTracker
0x00007ff82503f000 	/System/Library/PrivateFrameworks/CoreFollowUp.framework/Versions/A/CoreFollowUp
0x00007ff82f1c1000 	/System/Library/PrivateFrameworks/ConfigurationProfiles.framework/Versions/A/ConfigurationProfiles
0x00007ffb2d3cf000 	/System/Library/PrivateFrameworks/DMCUtilities.framework/Versions/A/DMCUtilities
0x00007ffc1f247000 	/System/Library/PrivateFrameworks/MDMClientLibrary.framework/Versions/A/MDMClientLibrary
0x00007ffc2ba64000 	/System/Library/PrivateFrameworks/RemoteManagementProtocol.framework/Versions/A/RemoteManagementProtocol
0x00007ffd26a05000 	/usr/lib/libEndpointSecuritySystem.dylib
0x00007ff829604000 	/System/Library/PrivateFrameworks/SystemAdministration.framework/Versions/A/SystemAdministration
0x00007ff9121d8000 	/System/Library/PrivateFrameworks/PowerlogControl.framework/Versions/A/PowerlogControl
0x00007ff81fb2f000 	/System/Library/Frameworks/ServiceManagement.framework/Versions/A/ServiceManagement
0x00007ff9121da000 	/usr/lib/libUniversalAccess.dylib
0x00007ff90e82f000 	/System/Library/PrivateFrameworks/FamilyControls.framework/Versions/A/FamilyControls
0x00007ff828ef8000 	/System/Library/Frameworks/DirectoryService.framework/Versions/A/DirectoryService
0x00007ff82d73d000 	/System/Library/PrivateFrameworks/LoginUIKit.framework/Versions/A/Frameworks/LoginUICore.framework/Versions/A/LoginUICore
0x00007ff822cda000 	/usr/lib/libodfde.dylib
0x00007ff90e82a000 	/System/Library/PrivateFrameworks/UniversalAccess.framework/Versions/A/Libraries/libUAPreferences.dylib
0x00007ff90e852000 	/System/Library/PrivateFrameworks/CommerceKit.framework/Versions/A/Frameworks/CommerceCore.framework/Versions/A/CommerceCore
0x00007ffb2d347000 	/System/Library/PrivateFrameworks/DEPClientLibrary.framework/Versions/A/DEPClientLibrary
0x00007ffb2d36c000 	/System/Library/PrivateFrameworks/DMCEnrollmentLibrary.framework/Versions/A/DMCEnrollmentLibrary
0x00007ff9122bb000 	/System/Library/PrivateFrameworks/SetupAssistantFramework.framework/Versions/A/SetupAssistantFramework
0x00007ff82dd88000 	/System/Library/PrivateFrameworks/AuthKitUI.framework/Versions/A/AuthKitUI
0x00007ff82d782000 	/System/Library/PrivateFrameworks/AppSSO.framework/Versions/A/AppSSO
0x00007ff92217d000 	/System/Library/PrivateFrameworks/LocalAuthenticationUI.framework/Versions/A/LocalAuthenticationUI
0x00007ffc29be4000 	/System/Library/PrivateFrameworks/PlatformSSO.framework/Versions/A/PlatformSSO
0x00007ff922c1a000 	/System/Library/PrivateFrameworks/AOSUI.framework/Versions/A/AOSUI
0x00007ff913fea000 	/System/Library/Frameworks/ContactsUI.framework/Versions/A/ContactsUI
0x00007ff82a1af000 	/System/Library/PrivateFrameworks/FamilyCircle.framework/Versions/A/FamilyCircle
0x00007ffa10ef3000 	/System/Library/Frameworks/LinkPresentation.framework/Versions/A/LinkPresentation
0x00007ffb19c9d000 	/System/Library/Frameworks/LocalAuthenticationEmbeddedUI.framework/Versions/A/LocalAuthenticationEmbeddedUI
0x00007ffc29ce3000 	/System/Library/PrivateFrameworks/PlatformSSOCore.framework/Versions/A/PlatformSSOCore
0x00007ff913bf1000 	/System/Library/PrivateFrameworks/IASUtilities.framework/Versions/A/IASUtilities
0x00007ffc1aabe000 	/System/Library/PrivateFrameworks/IASUtilitiesCore.framework/Versions/A/IASUtilitiesCore
0x00007ff91be42000 	/System/Library/PrivateFrameworks/OnBoardingKit.framework/Versions/A/OnBoardingKit
0x00007ffc2bad5000 	/System/Library/PrivateFrameworks/RemoteUI.framework/Versions/A/RemoteUI
0x00007ff918783000 	/System/Library/Frameworks/WebKit.framework/Versions/A/WebKit
0x00007ff910306000 	/System/Library/Frameworks/JavaScriptCore.framework/Versions/A/JavaScriptCore
0x00007ffc1e7aa000 	/System/Library/PrivateFrameworks/LiftUI.framework/Versions/A/LiftUI
0x00007ffc2dc69000 	/System/Library/PrivateFrameworks/Settings.framework/Versions/A/Settings
0x00007ffd21147000 	/System/Library/PrivateFrameworks/_IconServices_SwiftUI.framework/Versions/A/_IconServices_SwiftUI
0x00007ffb17ff4000 	/System/Library/Frameworks/BrowserEngineCore.framework/Versions/A/BrowserEngineCore
0x00007ff83005a000 	/System/Library/Frameworks/WebKit.framework/Versions/A/Frameworks/WebKitLegacy.framework/Versions/A/WebKitLegacy
0x00007ff82dd32000 	/System/Library/PrivateFrameworks/CorePrediction.framework/Versions/A/CorePrediction
0x00007ff81beb8000 	/System/Library/Frameworks/WebKit.framework/Versions/A/Frameworks/WebCore.framework/Versions/A/Frameworks/libwebrtc.dylib
0x00007ff918711000 	/System/Library/PrivateFrameworks/SafariSafeBrowsing.framework/Versions/A/SafariSafeBrowsing
0x00007ff825007000 	/System/Library/Frameworks/SecurityInterface.framework/Versions/A/SecurityInterface
0x00007ff91be41000 	/System/Library/PrivateFrameworks/WebInspectorUI.framework/Versions/A/WebInspectorUI
0x00007ff91494f000 	/System/Library/Frameworks/WebKit.framework/Versions/A/Frameworks/WebCore.framework/Versions/A/WebCore
0x00007ffb1f260000 	/System/Library/Frameworks/WebKit.framework/Versions/A/Frameworks/WebCore.framework/Versions/A/Frameworks/libANGLE-shared.dylib
0x00007ffd1f24b000 	/System/Library/PrivateFrameworks/WebGPU.framework/Versions/A/WebGPU
0x00007ff91ddcd000 	/System/Library/Frameworks/SceneKit.framework/Versions/A/SceneKit
0x00007ffa0f70a000 	/System/Library/Frameworks/ModelIO.framework/Versions/A/ModelIO
0x00007ff826d43000 	/System/Library/Frameworks/MetalKit.framework/Versions/A/MetalKit
0x00007ff82922d000 	/System/Library/Frameworks/GLKit.framework/Versions/A/GLKit
0x00007ffd28456000 	/usr/lib/usd/libusd_ms.dylib
0x00007ffd1ad86000 	/System/Library/PrivateFrameworks/USDLib_FormatLoaderProxy.framework/Versions/A/USDLib_FormatLoaderProxy
0x00007ffd2819f000 	/usr/lib/swift/libswift_errno.dylib
0x00007ff91af15000 	/System/Library/PrivateFrameworks/CoreOptimization.framework/Versions/A/CoreOptimization
0x00007ffb18c64000 	/System/Library/Frameworks/ExtensionKit.framework/Versions/A/ExtensionKit
0x00007ffb27591000 	/System/Library/PrivateFrameworks/CloudSettings.framework/Versions/A/CloudSettings
0x00007ff82fe1f000 	/System/Library/Frameworks/EventKit.framework/Versions/A/EventKit
0x00007ff91c04b000 	/System/Library/PrivateFrameworks/SearchFoundation.framework/Versions/A/SearchFoundation
0x00007ffa12f9b000 	/System/Library/PrivateFrameworks/Email.framework/Versions/A/Email
0x00007ff91aaf2000 	/System/Library/PrivateFrameworks/CoreRoutine.framework/Versions/A/CoreRoutine
0x00007ffb112db000 	/System/Library/PrivateFrameworks/VoiceShortcutClient.framework/Versions/A/VoiceShortcutClient
0x00007ff92a684000 	/System/Library/PrivateFrameworks/Categories.framework/Versions/A/Categories
0x00007ff922ae2000 	/System/Library/PrivateFrameworks/ChronoServices.framework/Versions/A/ChronoServices
0x00007ffb2677b000 	/System/Library/PrivateFrameworks/CalendarDatabase.framework/Versions/A/CalendarDatabase
0x00007ffb266c6000 	/System/Library/PrivateFrameworks/CalendarDaemon.framework/Versions/A/CalendarDaemon
0x00007ff82f12a000 	/System/Library/PrivateFrameworks/CalendarFoundation.framework/Versions/A/CalendarFoundation
0x00007ff82f0e5000 	/System/Library/PrivateFrameworks/iCalendar.framework/Versions/A/iCalendar
0x00007ffb2d5bf000 	/System/Library/PrivateFrameworks/DataAccessExpress.framework/Versions/A/DataAccessExpress
0x00007ff914135000 	/System/Library/PrivateFrameworks/ContactsAutocomplete.framework/Versions/A/ContactsAutocomplete
0x00007ffd27fae000 	/usr/lib/swift/libswiftVideoToolbox.dylib
0x00007ff922a2e000 	/System/Library/PrivateFrameworks/FTClientServices.framework/Versions/A/FTClientServices
0x00007ffd27e00000 	/usr/lib/swift/libswiftCoreMediaIO.dylib
0x00007ff913a71000 	/System/Library/PrivateFrameworks/CoreDAV.framework/Versions/A/CoreDAV
0x00007ff82fcf0000 	/System/Library/PrivateFrameworks/CalDAV.framework/Versions/A/CalDAV
0x00007ff91841f000 	/System/Library/PrivateFrameworks/TelephonyUtilities.framework/Versions/A/TelephonyUtilities
0x00007ffb19c63000 	/System/Library/Frameworks/LiveCommunicationKit.framework/Versions/A/LiveCommunicationKit
0x00007ffb27d68000 	/System/Library/PrivateFrameworks/CommunicationTrust.framework/Versions/A/CommunicationTrust
0x00007ff91cbe1000 	/System/Library/Frameworks/CallKit.framework/Versions/A/CallKit
0x00007ff82a1a9000 	/System/Library/PrivateFrameworks/CommunicationsFilter.framework/Versions/A/CommunicationsFilter
0x00007ffa264f8000 	/System/Library/PrivateFrameworks/IMTransferServices.framework/Versions/A/IMTransferServices
0x00007ff91af2f000 	/System/Library/PrivateFrameworks/IncomingCallFilter.framework/Versions/A/IncomingCallFilter
0x00007ffc24eb1000 	/System/Library/PrivateFrameworks/NeighborhoodActivityConduit.framework/Versions/A/NeighborhoodActivityConduit
0x00007ff91f0c9000 	/System/Library/PrivateFrameworks/CallHistory.framework/Versions/A/CallHistory
0x00007ffd26865000 	/usr/lib/libBASupport.dylib
0x00007ffb26b25000 	/System/Library/PrivateFrameworks/CallsUtilities.framework/Versions/A/CallsUtilities
0x00007ffb26b2f000 	/System/Library/PrivateFrameworks/CallsXPC.framework/Versions/A/CallsXPC
0x00007ffb11a42000 	/usr/lib/swift/libswiftCallKit.dylib
0x00007ffb26b1a000 	/System/Library/PrivateFrameworks/CallsPersistence.framework/Versions/A/CallsPersistence
0x00007ffb1d55e000 	/System/Library/Frameworks/SensitiveContentAnalysis.framework/Versions/A/SensitiveContentAnalysis
0x00007ff920207000 	/System/Library/PrivateFrameworks/PeopleSuggester.framework/Versions/A/PeopleSuggester
0x00007ff929537000 	/System/Library/PrivateFrameworks/SpotlightReceiver.framework/Versions/A/SpotlightReceiver
0x00007ffd21113000 	/System/Library/PrivateFrameworks/_AppIntentsServices_AppIntents.framework/Versions/A/_AppIntentsServices_AppIntents
0x00007ffb2228d000 	/System/Library/PrivateFrameworks/AppIntentsServices.framework/Versions/A/AppIntentsServices
0x00007ff82f0cf000 	/System/Library/PrivateFrameworks/CoreRecents.framework/Versions/A/CoreRecents
0x00007ffb1928b000 	/System/Library/Frameworks/GeoToolbox.framework/Versions/A/GeoToolbox
0x00007ffb1f6f6000 	/System/Library/Frameworks/_GeoToolbox_AppIntents.framework/Versions/A/_GeoToolbox_AppIntents
0x00007ffa1c6d7000 	/System/Library/PrivateFrameworks/DiagnosticRequest.framework/Versions/A/DiagnosticRequest
0x00007ffd21070000 	/System/Library/PrivateFrameworks/XPCDistributed.framework/Versions/A/XPCDistributed
0x00007ffc2b762000 	/System/Library/PrivateFrameworks/RegulatoryDomain.framework/Versions/A/RegulatoryDomain
0x00007ff829305000 	/usr/lib/libCTGreenTeaLogger.dylib
0x00007ffc1f1ac000 	/System/Library/PrivateFrameworks/LocalStatusKit.framework/Versions/A/LocalStatusKit
0x00007ff918305000 	/System/Library/PrivateFrameworks/CoreParsec.framework/Versions/A/CoreParsec
0x00007ffa12f8f000 	/System/Library/PrivateFrameworks/EmailAddressing.framework/Versions/A/EmailAddressing
0x00007ffa0ef3f000 	/System/Library/PrivateFrameworks/EmailCore.framework/Versions/A/EmailCore
0x00007ffa0ffe2000 	/System/Library/PrivateFrameworks/EmailFoundation.framework/Versions/A/EmailFoundation
0x00007ffc27b14000 	/System/Library/PrivateFrameworks/PegasusAPI.framework/Versions/A/PegasusAPI
0x00007ffc28446000 	/System/Library/PrivateFrameworks/PegasusConfiguration.framework/Versions/A/PegasusConfiguration
0x00007ffd19749000 	/System/Library/PrivateFrameworks/ToolKit.framework/Versions/A/ToolKit
0x00007ffc2bdcc000 	/System/Library/PrivateFrameworks/ReplicatorEngine.framework/Versions/A/ReplicatorEngine
0x00007ffc2bf29000 	/System/Library/PrivateFrameworks/ReplicatorServices.framework/Versions/A/ReplicatorServices
0x00007ffd16630000 	/System/Library/PrivateFrameworks/SystemWake.framework/Versions/A/SystemWake
0x00007ff91cdab000 	/System/Library/PrivateFrameworks/ContextKit.framework/Versions/A/ContextKit
0x00007ffb281fc000 	/System/Library/PrivateFrameworks/ContextKitCore.framework/Versions/A/ContextKitCore
0x00007ff91b1a3000 	/System/Library/Frameworks/LocalAuthentication.framework/Support/DaemonUtils.framework/Versions/A/DaemonUtils
0x00007ffc1f149000 	/System/Library/PrivateFrameworks/LocalAuthenticationCoreUI.framework/Versions/A/LocalAuthenticationCoreUI
0x00007ff91e77f000 	/System/Library/PrivateFrameworks/BridgeXPC.framework/Versions/A/BridgeXPC
0x00007ff91bf12000 	/System/Library/PrivateFrameworks/CoreKDL.framework/Versions/A/CoreKDL
0x00007ff91a4e4000 	/System/Library/PrivateFrameworks/EmbeddedOSSupportHost.framework/Versions/A/EmbeddedOSSupportHost
0x00007ff90f2aa000 	/System/Library/PrivateFrameworks/LoginUIKit.framework/Versions/A/LoginUIKit
0x00007ff92aabf000 	/System/Library/PrivateFrameworks/StorageKit.framework/Versions/A/StorageKit
0x00007ffb1331a000 	/System/Library/Frameworks/DeviceCheck.framework/Versions/A/DeviceCheck
0x00007ff92ab37000 	/System/Library/PrivateFrameworks/CoreWLANKit.framework/Versions/A/CoreWLANKit
0x00007ffd1e78e000 	/System/Library/PrivateFrameworks/Wallpaper.framework/Versions/A/Wallpaper
0x00007ffd27e17000 	/usr/lib/swift/libswiftGLKit.dylib
0x00007ffd27e22000 	/usr/lib/swift/libswiftMetalKit.dylib
0x00007ffd27e26000 	/usr/lib/swift/libswiftModelIO.dylib
0x00007ffd27ee2000 	/usr/lib/swift/libswiftSceneKit.dylib
0x00007ffb18ca1000 	/System/Library/Frameworks/FSKit.framework/Versions/A/FSKit
0x00007ffb2dd24000 	/System/Library/PrivateFrameworks/DiskImages2.framework/Versions/A/DiskImages2
0x00007ffc1efc0000 	/System/Library/PrivateFrameworks/LiveFS.framework/Versions/A/LiveFS
0x00007ffa13dfe000 	/System/Library/PrivateFrameworks/DynamicDesktop.framework/Versions/A/DynamicDesktop
0x00007ffd1e8d5000 	/System/Library/PrivateFrameworks/WallpaperFoundation.framework/Versions/A/WallpaperFoundation
0x00007ffd1e921000 	/System/Library/PrivateFrameworks/WallpaperTypes.framework/Versions/A/WallpaperTypes
0x00007ffa2808d000 	/System/Library/PrivateFrameworks/SystemDesktopAppearance.framework/Versions/A/SystemDesktopAppearance
0x00007ffd24085000 	/System/Library/PrivateFrameworks/icloudMCCKit.framework/Versions/A/icloudMCCKit
0x00007ffb2313c000 	/System/Library/PrivateFrameworks/AppleAccountUI.framework/Versions/A/AppleAccountUI
0x00007ffa1cbf5000 	/System/Library/PrivateFrameworks/PreferencePanesSupport.framework/Versions/A/PreferencePanesSupport
0x00007ff922dc0000 	/System/Library/PrivateFrameworks/FindMyDeviceUI.framework/Versions/A/FindMyDeviceUI
0x00007ffd21d0b000 	/System/Library/PrivateFrameworks/iCloudQuotaUI.framework/Versions/A/iCloudQuotaUI
0x00007ffa1cdb5000 	/System/Library/PrivateFrameworks/CoreCDPUI.framework/Versions/A/CoreCDPUI
0x00007ff91cb22000 	/System/Library/PrivateFrameworks/CoreFollowUpUI.framework/Versions/A/CoreFollowUpUI
0x00007ff9297c9000 	/System/Library/PrivateFrameworks/IMCore.framework/Versions/A/IMCore
0x00007ff91223e000 	/System/Library/PrivateFrameworks/CoreCDP.framework/Versions/A/CoreCDP
0x00007ff90df66000 	/System/Library/PrivateFrameworks/AskPermission.framework/Versions/A/AskPermission
0x00007ff9208fb000 	/System/Library/Frameworks/Quartz.framework/Versions/A/Quartz
0x00007ff92d182000 	/System/Library/PrivateFrameworks/CloudPhotoServicesConfiguration.framework/Versions/A/CloudPhotoServicesConfiguration
0x00007ff91eee8000 	/System/Library/PrivateFrameworks/CommerceKit.framework/Versions/A/CommerceKit
0x00007ffa0f002000 	/System/Library/PrivateFrameworks/FindMyMac.framework/Versions/A/FindMyMac
0x00007ffa0eee5000 	/System/Library/Frameworks/PreferencePanes.framework/Versions/A/PreferencePanes
0x00007ff92226a000 	/System/Library/Frameworks/AddressBook.framework/Versions/A/AddressBook
0x00007ff82f4e2000 	/System/Library/PrivateFrameworks/AOSAccounts.framework/Versions/A/AOSAccounts
0x00007ff8295ff000 	/System/Library/PrivateFrameworks/AppleSRP.framework/Versions/A/AppleSRP
0x00007ff91b0cb000 	/System/Library/Frameworks/SafariServices.framework/Versions/A/SafariServices
0x00007ff82df36000 	/System/Library/PrivateFrameworks/NetFSServer.framework/Versions/A/NetFSServer
0x00007ff91dc9a000 	/System/Library/Frameworks/PDFKit.framework/Versions/A/PDFKit
0x00007ffb1e9d3000 	/System/Library/Frameworks/TabularData.framework/Versions/A/TabularData
0x00007ffd27e3b000 	/usr/lib/swift/libswiftPassKit.dylib
0x00007ffa20d86000 	/System/Library/Frameworks/PassKit.framework/Versions/A/PassKit
0x00007ff90f3ae000 	/System/Library/PrivateFrameworks/PassKitCore.framework/Versions/A/PassKitCore
0x00007ffc275c5000 	/System/Library/PrivateFrameworks/PassKitMacHelperTemp.framework/Versions/A/PassKitMacHelperTemp
0x00007ffc266cb000 	/System/Library/PrivateFrameworks/OSEligibility.framework/Versions/A/OSEligibility
0x00007ffd2679b000 	/usr/lib/libAppleSSE.dylib
0x00007ff91b1d6000 	/System/Library/PrivateFrameworks/BiometricKit.framework/Versions/A/BiometricKit
0x00007ffc2c4f3000 	/System/Library/PrivateFrameworks/SEService.framework/Versions/A/SEService
0x00007ffb18d5a000 	/System/Library/Frameworks/FinanceKit.framework/Versions/A/FinanceKit
0x00007ff9209a8000 	/System/Library/PrivateFrameworks/NearField.framework/Versions/A/NearField
0x00007ffd26b3d000 	/usr/lib/libSESShared.dylib
0x00007ffc2c6d2000 	/System/Library/PrivateFrameworks/STSXPCHelperClient.framework/Versions/A/STSXPCHelperClient
0x00007ff922650000 	/usr/lib/libnfshared.dylib
0x00007ffd163e9000 	/System/Library/PrivateFrameworks/Symptoms.framework/Versions/A/Frameworks/SymptomPresentationFeed.framework/Versions/A/SymptomPresentationFeed
0x00007ffb23bcc000 	/System/Library/PrivateFrameworks/AppleMediaServicesKitInternal.framework/Versions/A/AppleMediaServicesKitInternal
0x00007ffd16124000 	/System/Library/PrivateFrameworks/SymptomShared.framework/Versions/A/SymptomShared
0x00007ffa23898000 	/System/Library/PrivateFrameworks/PassKitUIFoundation.framework/Versions/A/PassKitUIFoundation
0x00007ff828f30000 	/System/Library/Frameworks/MapKit.framework/Versions/A/MapKit
0x00007ffc17e7c000 	/System/Library/PrivateFrameworks/GeoAnalytics.framework/Versions/A/GeoAnalytics
0x00007ff92267e000 	/System/Library/PrivateFrameworks/Navigation.framework/Versions/A/Navigation
0x00007ff92c040000 	/System/Library/PrivateFrameworks/VectorKit.framework/Versions/A/VectorKit
0x00007ff913ca7000 	/System/Library/PrivateFrameworks/VirtualGarage.framework/Versions/A/VirtualGarage
0x00007ff92286f000 	/System/Library/Frameworks/ExternalAccessory.framework/ExternalAccessory
0x00007ff922889000 	/System/Library/PrivateFrameworks/IAP.framework/Versions/A/IAP
0x00007ff8291f7000 	/System/Library/PrivateFrameworks/IOPlatformPluginFamily.framework/Versions/A/IOPlatformPluginFamily
0x00007ffb24caa000 	/System/Library/PrivateFrameworks/AvatarKit.framework/Versions/A/AvatarKit
0x00007ffb24d74000 	/System/Library/PrivateFrameworks/AvatarPersistence.framework/Versions/A/AvatarPersistence
0x00007ffb1ecf0000 	/System/Library/Frameworks/TipKit.framework/Versions/A/TipKit
0x00007ff90ef12000 	/System/Library/PrivateFrameworks/IMSharedUtilities.framework/Versions/A/IMSharedUtilities
0x00007ffd27de4000 	/usr/lib/swift/libswiftAppleArchive.dylib
0x00007ffd1b885000 	/System/Library/PrivateFrameworks/VFX.framework/Versions/A/VFX
0x00007ffa1ec79000 	/System/Library/PrivateFrameworks/AppleCVA.framework/Versions/A/AppleCVA
0x00007ffb24d73000 	/System/Library/PrivateFrameworks/AvatarKitContent.framework/Versions/A/AvatarKitContent
0x00007ffb1aa1e000 	/System/Library/Frameworks/MetalFX.framework/Versions/A/MetalFX
0x00007ffb27dc8000 	/System/Library/PrivateFrameworks/CompositorNonUI.framework/Versions/A/CompositorNonUI
0x00007ffb17377000 	/System/Library/Frameworks/ARKit.framework/Versions/A/ARKit
0x00007ffb20e34000 	/System/Library/PrivateFrameworks/ARKitCore.framework/Versions/A/ARKitCore
0x00007ffd26892000 	/usr/lib/libDisplayWarpSupport.dylib
0x00007ffb29351000 	/System/Library/PrivateFrameworks/CoreComposite.framework/Versions/A/CoreComposite
0x00007ffd26c10000 	/usr/lib/libchannel.dylib
0x00007ffd27a51000 	/usr/lib/librealtime_safety.dylib
0x00007ffb20ec0000 	/System/Library/PrivateFrameworks/ARKitFoundation.framework/Versions/A/ARKitFoundation
0x00007ffb231c7000 	/System/Library/PrivateFrameworks/AppleDepth.framework/Versions/A/AppleDepth
0x00007ffb2338a000 	/System/Library/PrivateFrameworks/AppleDepthCore.framework/Versions/A/AppleDepthCore
0x00007ff829332000 	/System/Library/PrivateFrameworks/CoreAppleCVA.framework/Versions/A/CoreAppleCVA
0x00007ff913dea000 	/System/Library/PrivateFrameworks/ContactsUICore.framework/Versions/A/ContactsUICore
0x00007ff91b035000 	/System/Library/PrivateFrameworks/ContactsDonation.framework/Versions/A/ContactsDonation
0x00007ff91a8c4000 	/System/Library/PrivateFrameworks/DataDetectors.framework/Versions/A/DataDetectors
0x00007ff82fcde000 	/System/Library/Frameworks/MediaLibrary.framework/Versions/A/MediaLibrary
0x00007ff82a19a000 	/System/Library/PrivateFrameworks/PersonaKit.framework/Versions/A/PersonaKit
0x00007ff913dd9000 	/System/Library/PrivateFrameworks/PersonaUI.framework/Versions/A/PersonaUI
0x00007ffa0e909000 	/System/Library/PrivateFrameworks/Transparency.framework/Versions/A/Transparency
0x00007ffc0f325000 	/System/Library/PrivateFrameworks/FindMyLocate.framework/Versions/A/FindMyLocate
0x00007ff91caa2000 	/System/Library/PrivateFrameworks/IntlPreferences.framework/Versions/A/IntlPreferences
0x00007ffc0f227000 	/System/Library/PrivateFrameworks/FindMyCommon.framework/Versions/A/FindMyCommon
0x00007ffc0f07a000 	/System/Library/PrivateFrameworks/FindMyBase.framework/Versions/A/FindMyBase
0x00007ffb1c348000 	/System/Library/Frameworks/NearbyInteraction.framework/Versions/A/NearbyInteraction
0x00007ff829de4000 	/System/Library/PrivateFrameworks/AddressBookCore.framework/Versions/A/AddressBookCore
0x00007ff9223ed000 	/System/Library/PrivateFrameworks/ToneKit.framework/Versions/A/ToneKit
0x00007ff91cae8000 	/System/Library/PrivateFrameworks/ToneLibrary.framework/Versions/A/ToneLibrary
0x00007ffb2808d000 	/System/Library/PrivateFrameworks/ContactsAccounts.framework/Versions/A/ContactsAccounts
0x00007ff92081b000 	/System/Library/PrivateFrameworks/Lookup.framework/Versions/A/Lookup
0x00007ffb1cb2a000 	/System/Library/Frameworks/QuickLookUI.framework/Versions/A/QuickLookUI
0x00007ffb1d4e0000 	/System/Library/Frameworks/ScreenCaptureKit.framework/Versions/A/ScreenCaptureKit
0x00007ff91d7cc000 	/System/Library/Frameworks/Quartz.framework/Versions/A/Frameworks/QuartzComposer.framework/Versions/A/QuartzComposer
0x00007ff91ca79000 	/System/Library/Frameworks/Quartz.framework/Versions/A/Frameworks/QuartzFilters.framework/Versions/A/QuartzFilters
0x00007ff91b9ea000 	/System/Library/Frameworks/Quartz.framework/Versions/A/Frameworks/ImageKit.framework/Versions/A/ImageKit
0x00007ff919eeb000 	/System/Library/PrivateFrameworks/CorePDF.framework/Versions/A/CorePDF
0x00007ff826ce0000 	/System/Library/Frameworks/QuickLook.framework/Versions/A/QuickLook
0x00007ff90f2a5000 	/System/Library/PrivateFrameworks/DisplayServices.framework/Versions/A/DisplayServices
0x00007ff91c9db000 	/System/Library/Frameworks/ImageCaptureCore.framework/Versions/A/ImageCaptureCore
0x00007ffd1d765000 	/System/Library/PrivateFrameworks/VisionKitCore.framework/Versions/A/VisionKitCore
0x00007ff9182d6000 	/System/Library/PrivateFrameworks/QuickLookSupport.framework/Versions/A/QuickLookSupport
0x00007ffc21d3b000 	/System/Library/PrivateFrameworks/MediaAnalysisServices.framework/Versions/A/MediaAnalysisServices
0x00007ff91f789000 	/System/Library/PrivateFrameworks/PhotoLibraryServices.framework/Versions/A/PhotoLibraryServices
0x00007ff91c5c8000 	/System/Library/Frameworks/Photos.framework/Versions/A/Photos
0x00007ffa112e9000 	/System/Library/PrivateFrameworks/PhotosFormats.framework/Versions/A/PhotosFormats
0x00007ff92d1ab000 	/System/Library/PrivateFrameworks/CloudPhotoLibrary.framework/Versions/A/CloudPhotoLibrary
0x00007ffa169fa000 	/System/Library/PrivateFrameworks/CloudPhotoServices.framework/Versions/A/CloudPhotoServices
0x00007ffa130f3000 	/System/Library/PrivateFrameworks/CoreMediaStream.framework/Versions/A/CoreMediaStream
0x00007ff82abc5000 	/System/Library/PrivateFrameworks/CPAnalytics.framework/Versions/A/CPAnalytics
0x00007ffa0f63e000 	/System/Library/PrivateFrameworks/MediaConversionService.framework/Versions/A/MediaConversionService
0x00007ff90ef00000 	/System/Library/PrivateFrameworks/PhotoFoundation.framework/Versions/A/PhotoFoundation
0x00007ffc289c1000 	/System/Library/PrivateFrameworks/PhotoLibraryServicesCore.framework/Versions/A/PhotoLibraryServicesCore
0x00007ff928f41000 	/System/Library/PrivateFrameworks/MMCS.framework/Versions/A/MMCS
0x00007ff82fb1b000 	/System/Library/PrivateFrameworks/ChunkingLibrary.framework/Versions/A/ChunkingLibrary
0x00007ff8295cf000 	/System/Library/PrivateFrameworks/AssetCacheServices.framework/Versions/A/AssetCacheServices
0x00007ff82b7c4000 	/System/Library/PrivateFrameworks/AVFoundationCF.framework/Versions/A/AVFoundationCF
0x00007ffa263f2000 	/usr/lib/swift/libswiftDemangle.dylib
0x00007ff91ab84000 	/System/Library/PrivateFrameworks/MediaStream.framework/Versions/A/MediaStream
0x00007ffa0fb2a000 	/System/Library/PrivateFrameworks/NeutrinoCore.framework/Versions/A/NeutrinoCore
0x00007ff817ee1000 	/System/Library/PrivateFrameworks/NLP.framework/Versions/A/NLP
0x00007ffa15785000 	/System/Library/PrivateFrameworks/PhotoImaging.framework/Versions/A/PhotoImaging
0x00007ffa169ba000 	/System/Library/PrivateFrameworks/PhotosImagingFoundation.framework/Versions/A/PhotosImagingFoundation
0x00007ffc2955a000 	/System/Library/PrivateFrameworks/PhotosIntelligenceCore.framework/Versions/A/PhotosIntelligenceCore
0x00007ff82bc14000 	/System/Library/PrivateFrameworks/EmbeddedAcousticRecognition.framework/Versions/A/EmbeddedAcousticRecognition
0x00007ff9240ea000 	/System/Library/PrivateFrameworks/EmojiFoundation.framework/Versions/A/EmojiFoundation
0x00007ff92d430000 	/System/Library/PrivateFrameworks/SDAPI.framework/Versions/A/SDAPI
0x00007ffa16a08000 	/System/Library/PrivateFrameworks/AutoLoop.framework/Versions/A/AutoLoop
0x00007ffc2a01e000 	/System/Library/PrivateFrameworks/Portrait.framework/Versions/A/Portrait
0x00007ffc0f921000 	/System/Library/PrivateFrameworks/FusionTracker.framework/Versions/A/FusionTracker
0x00007ff91d260000 	/System/Library/PrivateFrameworks/iTunesCloud.framework/Versions/A/iTunesCloud
0x00007ff9261e6000 	/System/Library/PrivateFrameworks/DAAPKit.framework/Versions/A/DAAPKit
0x00007ff91864b000 	/System/Library/PrivateFrameworks/DeviceManagement.framework/Versions/A/DeviceManagement
0x00007ffa1c62b000 	/System/Library/PrivateFrameworks/ScreenTimeUI.framework/Versions/A/ScreenTimeUI
0x00007ff91a8be000 	/System/Library/PrivateFrameworks/QuickLookNonBaseSystem.framework/Versions/A/QuickLookNonBaseSystem
0x00007ff91b109000 	/System/Library/PrivateFrameworks/Catalyst.framework/Versions/A/Catalyst
0x00007ff91cc83000 	/System/Library/PrivateFrameworks/ScreenTimeCore.framework/Versions/A/ScreenTimeCore
0x00007ffa10766000 	/System/Library/PrivateFrameworks/ScreenTimeServiceUI.framework/Versions/A/ScreenTimeServiceUI
0x00007ff9290de000 	/System/Library/PrivateFrameworks/ConfigurationEngineModel.framework/Versions/A/ConfigurationEngineModel
0x00007ff92bff3000 	/System/Library/PrivateFrameworks/UsageTracking.framework/Versions/A/UsageTracking
0x00007ffb18a50000 	/System/Library/Frameworks/DeviceActivity.framework/Versions/A/DeviceActivity
0x00007ff92bfc5000 	/System/Library/PrivateFrameworks/KnowledgeMonitor.framework/Versions/A/KnowledgeMonitor
0x00007ffa2383f000 	/System/Library/PrivateFrameworks/BluetoothManager.framework/Versions/A/BluetoothManager
0x00007ffb19d62000 	/System/Library/Frameworks/ManagedSettings.framework/Versions/A/ManagedSettings
0x00007ffc21463000 	/System/Library/PrivateFrameworks/ManagedSettingsSupport.framework/Versions/A/ManagedSettingsSupport
0x00007ffa20e87000 	/System/Library/Frameworks/ReplayKit.framework/Versions/A/ReplayKit
0x00007ff91029e000 	/System/Library/PrivateFrameworks/MarkupUI.framework/Versions/A/MarkupUI
0x00007ff91a898000 	/System/Library/PrivateFrameworks/SidecarCore.framework/Versions/A/SidecarCore
0x00007ff91d66e000 	/System/Library/PrivateFrameworks/AnnotationKit.framework/Versions/A/AnnotationKit
0x00007ff91bc49000 	/System/Library/Frameworks/PencilKit.framework/Versions/A/PencilKit
0x00007ff91be21000 	/System/Library/PrivateFrameworks/SidecarUI.framework/Versions/A/SidecarUI
0x00007ff91b4ce000 	/System/Library/PrivateFrameworks/CoreHandwriting.framework/Versions/A/CoreHandwriting
0x00007ff8118a6000 	/usr/lib/libmecabra.dylib
0x00007ff91433c000 	/System/Library/PrivateFrameworks/Calculate.framework/Versions/A/Calculate
0x00007ff822245000 	/usr/lib/libChineseTokenizer.dylib
0x00007ffb11839000 	/System/Library/PrivateFrameworks/ScreenReaderCore.framework/Versions/A/ScreenReaderCore
0x00007ffd157c1000 	/System/Library/PrivateFrameworks/StocksKit.framework/Versions/A/StocksKit
0x00007ff9133df000 	/System/Library/PrivateFrameworks/OAuth.framework/Versions/A/OAuth
0x00007ffd15511000 	/System/Library/PrivateFrameworks/StocksCore.framework/Versions/A/StocksCore
0x00007ffd16a08000 	/System/Library/PrivateFrameworks/TeaFoundation.framework/Versions/A/TeaFoundation
0x00007ffd16b87000 	/System/Library/PrivateFrameworks/TeaSettings.framework/Versions/A/TeaSettings
0x00007ffa27906000 	/System/Library/PrivateFrameworks/NewsCore.framework/Versions/A/NewsCore
0x00007ffd169b2000 	/System/Library/PrivateFrameworks/TeaDB.framework/Versions/A/TeaDB
0x00007ffa249bc000 	/System/Library/PrivateFrameworks/RemoteConfiguration.framework/Versions/A/RemoteConfiguration
0x00007ffa274ac000 	/System/Library/PrivateFrameworks/NewsTransport.framework/Versions/A/NewsTransport
0x00007ffa278f8000 	/System/Library/PrivateFrameworks/NewsFoundation.framework/Versions/A/NewsFoundation
0x00007ffc25446000 	/System/Library/PrivateFrameworks/NewsURLBucket.framework/Versions/A/NewsURLBucket
0x00007ffb247a3000 	/System/Library/PrivateFrameworks/AsyncAlgorithmsInternal.framework/Versions/A/AsyncAlgorithmsInternal
0x00007ff91f29d000 	/System/Library/PrivateFrameworks/MobileInstallation.framework/Versions/A/MobileInstallation
0x00007ffb1ee3b000 	/System/Library/Frameworks/Translation.framework/Versions/A/Translation
0x00007ffa182d8000 	/System/Library/PrivateFrameworks/RevealCore.framework/Versions/A/RevealCore
0x00007ffa182cd000 	/System/Library/PrivateFrameworks/Reveal.framework/Versions/A/Reveal
0x00007ffa10476000 	/System/Library/Frameworks/Speech.framework/Versions/A/Speech
0x00007ffb1fea2000 	/System/Library/PrivateFrameworks/AIMLExperimentationAnalytics.framework/Versions/A/AIMLExperimentationAnalytics
0x00007ffb21ef1000 	/System/Library/PrivateFrameworks/AlgorithmsInternal.framework/Versions/A/AlgorithmsInternal
0x00007ffd19e1d000 	/System/Library/PrivateFrameworks/TranslationUIServices.framework/Versions/A/TranslationUIServices
0x00007ffd19007000 	/System/Library/PrivateFrameworks/TipKitCore.framework/Versions/A/TipKitCore
0x00007ff92416a000 	/System/Library/PrivateFrameworks/CoreCDPInternal.framework/Versions/A/CoreCDPInternal
0x00007ffc1b2b7000 	/System/Library/PrivateFrameworks/InputAnalytics.framework/Versions/A/InputAnalytics
0x00007ff929fef000 	/System/Library/Frameworks/InstantMessage.framework/Versions/A/InstantMessage
0x00007ff922177000 	/System/Library/PrivateFrameworks/IDSKVStore.framework/Versions/A/IDSKVStore
0x00007ff921e6f000 	/System/Library/PrivateFrameworks/IMDPersistence.framework/Versions/A/IMDPersistence
0x00007ffd1b797000 	/System/Library/PrivateFrameworks/UserSafety.framework/Versions/A/UserSafety
0x00007ffa22c55000 	/System/Library/PrivateFrameworks/BlastDoor.framework/Versions/A/BlastDoor
0x00007ffc1ee1b000 	/System/Library/PrivateFrameworks/LinkPresentationStyleSheetParsing.framework/Versions/A/LinkPresentationStyleSheetParsing
0x00007ffc2a1c5000 	/System/Library/PrivateFrameworks/PosterFoundation.framework/Versions/A/PosterFoundation
0x00007ffc2a24e000 	/System/Library/PrivateFrameworks/PosterModel.framework/Versions/A/PosterModel
0x00007ffc2a22c000 	/System/Library/PrivateFrameworks/PosterFuturesKit.framework/Versions/A/PosterFuturesKit
0x00007ffc0eecb000 	/System/Library/PrivateFrameworks/FeedbackService.framework/Versions/A/FeedbackService
0x00007ff91af8f000 	/System/Library/PrivateFrameworks/CoreSDB.framework/Versions/A/CoreSDB
0x00007ffb245fc000 	/System/Library/PrivateFrameworks/AskToCore.framework/Versions/A/AskToCore
0x00007ffa1cdb2000 	/System/Library/PrivateFrameworks/MachineSettings.framework/Versions/A/MachineSettings
0x00007ffa0ee6b000 	/System/Library/PrivateFrameworks/BezelServices.framework/Versions/A/BezelServices
0x00007ff926276000 	/System/Library/PrivateFrameworks/SPOwner.framework/Versions/A/SPOwner
0x00007ff91ef4a000 	/System/Library/PrivateFrameworks/FMCore.framework/Versions/A/FMCore
0x00007ff91e7b4000 	/System/Library/PrivateFrameworks/AppleMediaServicesUI.framework/Versions/A/AppleMediaServicesUI
0x00007ffd21c6d000 	/System/Library/PrivateFrameworks/iCloudQuota.framework/Versions/A/iCloudQuota
0x00007ff913d44000 	/System/Library/PrivateFrameworks/CoreRecognition.framework/Versions/A/CoreRecognition
0x00007ffa0ef1b000 	/System/Library/PrivateFrameworks/InAppMessages.framework/Versions/A/InAppMessages
0x00007ffb10578000 	/System/Library/PrivateFrameworks/JetUI.framework/Versions/A/JetUI
0x00007ffc1e39d000 	/System/Library/PrivateFrameworks/JetPack.framework/Versions/A/JetPack
0x00007ffa0ef13000 	/System/Library/PrivateFrameworks/InAppMessagesCore.framework/Versions/A/InAppMessagesCore
0x00007ffd21154000 	/System/Library/PrivateFrameworks/_JetEngine_SwiftUI.framework/Versions/A/_JetEngine_SwiftUI
0x00007ffd16411000 	/System/Library/PrivateFrameworks/Synapse.framework/Versions/A/Synapse
0x00007ffb26560000 	/System/Library/PrivateFrameworks/CSExattrCrypto.framework/Versions/A/CSExattrCrypto
0x00007ff920515000 	/System/Library/PrivateFrameworks/StoreFoundation.framework/Versions/A/StoreFoundation
0x00007ff91ef44000 	/System/Library/PrivateFrameworks/ServerInformation.framework/Versions/A/ServerInformation
0x00007ff91e98a000 	/System/Library/PrivateFrameworks/Install.framework/Frameworks/DistributionKit.framework/Versions/A/DistributionKit
0x00007ff91809b000 	/System/Library/PrivateFrameworks/PackageKit.framework/Versions/A/PackageKit
0x00007ff91e9ab000 	/System/Library/PrivateFrameworks/OSPersonalization.framework/Versions/A/OSPersonalization
0x00007ff920a83000 	/System/Library/PrivateFrameworks/BridgeOSSoftwareUpdate.framework/Versions/A/BridgeOSSoftwareUpdate
0x00007ff91b3ef000 	/System/Library/PrivateFrameworks/StorageManagement.framework/Versions/A/StorageManagement
0x00007ffa10301000 	/usr/lib/libauthinstall.dylib
0x00007ff920a8b000 	/System/Library/PrivateFrameworks/InstallerDiagnostics.framework/Versions/A/InstallerDiagnostics
0x00007ffa10932000 	/usr/lib/libcrypto.42.dylib
0x00007ff920a73000 	/System/Library/PrivateFrameworks/GPUInfo.framework/Versions/A/GPUInfo
0x00007ffa0f008000 	/System/Library/PrivateFrameworks/MobileActivationMacOS.framework/Versions/A/MobileActivationMacOS
0x00007ff913322000 	/System/Library/PrivateFrameworks/AccountsDaemon.framework/Versions/A/AccountsDaemon
0x00007ff825436000 	/System/Library/PrivateFrameworks/CacheDelete.framework/Versions/A/CacheDelete
0x00007ff82e052000 	/System/Library/Frameworks/QuickLookThumbnailing.framework/Versions/A/QuickLookThumbnailing
0x00007ff920ad3000 	/System/Library/PrivateFrameworks/AOSKit.framework/Versions/A/AOSKit
0x00007ff822534000 	/System/Library/PrivateFrameworks/AppSSOCore.framework/Versions/A/AppSSOCore
0x00007ff91a2ce000 	/System/Library/Frameworks/AVFoundation.framework/Versions/A/AVFoundation
0x00007ffb24e0a000 	/System/Library/PrivateFrameworks/BackgroundSystemTasks.framework/Versions/A/BackgroundSystemTasks
0x00007ff82df6e000 	/System/Library/PrivateFrameworks/DuetActivityScheduler.framework/Versions/A/DuetActivityScheduler
0x00007ff92d0de000 	/System/Library/PrivateFrameworks/NetworkServiceProxy.framework/Versions/A/NetworkServiceProxy
0x00007ff829267000 	/usr/lib/libnetworkextension.dylib
0x00007ff82bb38000 	/System/Library/PrivateFrameworks/Rapport.framework/Versions/A/Rapport
0x00007ffd16133000 	/System/Library/PrivateFrameworks/Symptoms.framework/Versions/A/Frameworks/SymptomAnalytics.framework/Versions/A/SymptomAnalytics
0x00007ff825eda000 	/System/Library/Frameworks/NetworkExtension.framework/Versions/A/NetworkExtension
0x00007ff82c889000 	/System/Library/PrivateFrameworks/CoreDuetContext.framework/Versions/A/CoreDuetContext
0x00007ff8163b5000 	/System/Library/PrivateFrameworks/CoreDuet.framework/Versions/A/CoreDuet
0x00007ff90ec77000 	/System/Library/PrivateFrameworks/AssistantServices.framework/Versions/A/AssistantServices
0x00007ff82b930000 	/System/Library/PrivateFrameworks/SAObjects.framework/Versions/A/SAObjects
0x00007ff90e85d000 	/System/Library/PrivateFrameworks/MediaRemote.framework/Versions/A/MediaRemote
0x00007ff920e8c000 	/System/Library/PrivateFrameworks/SiriInstrumentation.framework/Versions/A/SiriInstrumentation
0x00007ffd0e23c000 	/System/Library/PrivateFrameworks/SiriAnalytics.framework/Versions/A/SiriAnalytics
0x00007ffd134f7000 	/System/Library/PrivateFrameworks/SiriTTSService.framework/Versions/A/SiriTTSService
0x00007ffd0ea2e000 	/System/Library/PrivateFrameworks/SiriCrossDeviceArbitration.framework/Versions/A/SiriCrossDeviceArbitration
0x00007ff91e789000 	/System/Library/PrivateFrameworks/FeedbackLogger.framework/Versions/A/FeedbackLogger
0x00007ffc0eb2c000 	/System/Library/PrivateFrameworks/FaceTimeNameUtility.framework/Versions/A/FaceTimeNameUtility
0x00007ffd0ea7d000 	/System/Library/PrivateFrameworks/SiriCrossDeviceArbitrationFeedback.framework/Versions/A/SiriCrossDeviceArbitrationFeedback
0x00007ffc17cdf000 	/System/Library/PrivateFrameworks/GenerativeModels.framework/Versions/A/GenerativeModels
0x00007ffb174ae000 	/System/Library/Frameworks/AVRouting.framework/Versions/A/AVRouting
0x00007ff913b66000 	/System/Library/PrivateFrameworks/MediaServices.framework/Versions/A/MediaServices
0x00007ff822972000 	/System/Library/PrivateFrameworks/PersistentConnection.framework/Versions/A/PersistentConnection
0x00007ffd149fd000 	/System/Library/PrivateFrameworks/SonicFoundation.framework/Versions/A/SonicFoundation
0x00007ffb2d778000 	/System/Library/PrivateFrameworks/Dendrite.framework/Versions/A/Dendrite
0x00007ff922e10000 	/usr/lib/libtailspin.dylib
0x00007ffa16b18000 	/System/Library/PrivateFrameworks/Osprey.framework/Versions/A/Osprey
0x00007ffd12b03000 	/System/Library/PrivateFrameworks/SiriTTS.framework/Versions/A/SiriTTS
0x00007ff91b04f000 	/System/Library/Frameworks/NaturalLanguage.framework/Versions/A/NaturalLanguage
0x00007ffd11afa000 	/System/Library/PrivateFrameworks/SiriPowerInstrumentation.framework/Versions/A/SiriPowerInstrumentation
0x00007ff91bfa0000 	/System/Library/PrivateFrameworks/Trial.framework/Versions/A/Trial
0x00007ff91bf23000 	/System/Library/PrivateFrameworks/TrialProto.framework/Versions/A/TrialProto
0x00007ffd1b048000 	/System/Library/PrivateFrameworks/UnifiedAssetFramework.framework/Versions/A/UnifiedAssetFramework
0x00007ffa18acd000 	/usr/lib/swift/libswiftAVFoundation.dylib
0x00007ffa2827a000 	/usr/lib/swift/libswiftNaturalLanguage.dylib
0x00007ffd169b0000 	/System/Library/PrivateFrameworks/TailspinSymbolication.framework/Versions/A/TailspinSymbolication
0x00007ffb2d487000 	/System/Library/PrivateFrameworks/Darwinup.framework/Versions/A/Darwinup
0x00007ffa0f678000 	/System/Library/PrivateFrameworks/SignpostSupport.framework/Versions/A/SignpostSupport
0x00007ff91af1a000 	/System/Library/PrivateFrameworks/FeatureFlagsSupport.framework/Versions/A/FeatureFlagsSupport
0x00007ffa0ed85000 	/System/Library/PrivateFrameworks/ktrace.framework/Versions/A/ktrace
0x00007ffa0f8c8000 	/System/Library/PrivateFrameworks/SampleAnalysis.framework/Versions/A/SampleAnalysis
0x00007ffa18293000 	/System/Library/PrivateFrameworks/kperfdata.framework/Versions/A/kperfdata
0x00007ff826e0d000 	/usr/lib/libdscsym.dylib
0x00007ffa18810000 	/System/Library/PrivateFrameworks/BulkSymbolication.framework/Versions/A/BulkSymbolication
0x00007ff82e09a000 	/System/Library/PrivateFrameworks/Espresso.framework/Versions/A/Espresso
0x00007ff81b905000 	/System/Library/Frameworks/CoreML.framework/Versions/A/CoreML
0x00007ffb11ba2000 	/System/Library/PrivateFrameworks/ANECompiler.framework/Versions/A/ANECompiler
0x00007ff8302ba000 	/System/Library/PrivateFrameworks/AppleNeuralEngine.framework/Versions/A/AppleNeuralEngine
0x00007ffb1aad6000 	/System/Library/Frameworks/MetalPerformanceShadersGraph.framework/Versions/A/MetalPerformanceShadersGraph
0x00007ffc1faa4000 	/System/Library/PrivateFrameworks/MLCompilerServices.framework/Versions/A/MLCompilerServices
0x00007ff82f012000 	/System/Library/PrivateFrameworks/ANEServices.framework/Versions/A/ANEServices
0x00007ffc264e6000 	/System/Library/PrivateFrameworks/ODIE.framework/Versions/A/ODIE
0x00007ffc1fa49000 	/System/Library/PrivateFrameworks/MLCompilerRuntime.framework/Versions/A/MLCompilerRuntime
0x00007ff81ff59000 	/System/Library/Frameworks/MLCompute.framework/Versions/A/MLCompute
0x00007ffc1f9cf000 	/System/Library/PrivateFrameworks/MLAssetIO.framework/Versions/A/MLAssetIO
0x00007ffd27e1b000 	/usr/lib/swift/libswiftMLCompute.dylib
0x00007ff82b2c7000 	/System/Library/PrivateFrameworks/AVFCore.framework/Versions/A/AVFCore
0x00007ff9122ca000 	/System/Library/PrivateFrameworks/AVFCapture.framework/Versions/A/AVFCapture
0x00007ffb2623f000 	/System/Library/PrivateFrameworks/CMImaging.framework/Versions/A/CMImaging
0x00007ff91250f000 	/System/Library/PrivateFrameworks/Quagga.framework/Versions/A/Quagga
0x00007ff91263f000 	/System/Library/PrivateFrameworks/CMCapture.framework/Versions/A/CMCapture
0x00007ff825071000 	/System/Library/Frameworks/CoreMediaIO.framework/Versions/A/CoreMediaIO
0x00007ffb26178000 	/System/Library/PrivateFrameworks/CMCaptureDevice.framework/Versions/A/CMCaptureDevice
0x00007ff822ad6000 	/System/Library/PrivateFrameworks/CoreBrightness.framework/Versions/A/CoreBrightness
0x00007ffb26fd4000 	/System/Library/PrivateFrameworks/CinematicFraming.framework/Versions/A/CinematicFraming
0x00007ffd165bb000 	/System/Library/PrivateFrameworks/SystemStatus.framework/Versions/A/SystemStatus
0x00007ff919eed000 	/System/Library/Frameworks/CoreMotion.framework/Versions/A/CoreMotion
0x00007ff92a0c6000 	/System/Library/PrivateFrameworks/TimeSync.framework/Versions/A/TimeSync
0x00007ffb2df28000 	/System/Library/PrivateFrameworks/DistributedSensing.framework/Versions/A/DistributedSensing
0x00007ff9254d3000 	/System/Library/PrivateFrameworks/MobileBluetooth.framework/Versions/A/MobileBluetooth
0x00007ff92bc66000 	/System/Library/PrivateFrameworks/IOKitten.framework/Versions/A/IOKitten
0x00007ff812b3b000 	/System/Library/PrivateFrameworks/LanguageModeling.framework/Versions/A/LanguageModeling
0x00007ff817caf000 	/System/Library/PrivateFrameworks/Montreal.framework/Versions/A/Montreal
0x00007ff8209fe000 	/usr/lib/libcmph.dylib
0x00007ffc17d83000 	/System/Library/PrivateFrameworks/GenerativeModelsFoundation.framework/Versions/A/GenerativeModelsFoundation
0x00007ffd19301000 	/System/Library/PrivateFrameworks/TokenGeneration.framework/Versions/A/TokenGeneration
0x00007ffc17baf000 	/System/Library/PrivateFrameworks/GenerativeFunctions.framework/Versions/A/GenerativeFunctions
0x00007ffc17bee000 	/System/Library/PrivateFrameworks/GenerativeFunctionsFoundation.framework/Versions/A/GenerativeFunctionsFoundation
0x00007ffc23049000 	/System/Library/PrivateFrameworks/ModelCatalog.framework/Versions/A/ModelCatalog
0x00007ffc2d7d1000 	/System/Library/PrivateFrameworks/SensitiveContentAnalysisML.framework/Versions/A/SensitiveContentAnalysisML
0x00007ffc17c8f000 	/System/Library/PrivateFrameworks/GenerativeFunctionsInstrumentation.framework/Versions/A/GenerativeFunctionsInstrumentation
0x00007ffc2b068000 	/System/Library/PrivateFrameworks/PromptKit.framework/Versions/A/PromptKit
0x00007ffc2ac0e000 	/System/Library/PrivateFrameworks/ProactiveDaemonSupport.framework/Versions/A/ProactiveDaemonSupport
0x00007ffc23406000 	/System/Library/PrivateFrameworks/ModelManagerServices.framework/Versions/A/ModelManagerServices
0x00007ffd19483000 	/System/Library/PrivateFrameworks/TokenGenerationCore.framework/Versions/A/TokenGenerationCore
0x00007ffb2376c000 	/System/Library/PrivateFrameworks/AppleIntelligenceReporting.framework/Versions/A/AppleIntelligenceReporting
0x00007ffb23469000 	/System/Library/PrivateFrameworks/AppleFlatBuffers.framework/Versions/A/AppleFlatBuffers
0x00007ffc2d9ca000 	/System/Library/PrivateFrameworks/SentencePieceInternal.framework/Versions/A/SentencePieceInternal
0x00007ff82963f000 	/System/Library/Frameworks/Vision.framework/Versions/A/Vision
0x00007ffb2cec3000 	/System/Library/PrivateFrameworks/CoreSceneUnderstanding.framework/Versions/A/CoreSceneUnderstanding
0x00007ffd1d718000 	/System/Library/PrivateFrameworks/VisionCore.framework/Versions/A/VisionCore
0x00007ff92424f000 	/System/Library/Frameworks/Vision.framework/libfaceCore.dylib
0x00007ff924f70000 	/System/Library/PrivateFrameworks/Futhark.framework/Versions/A/Futhark
0x00007ff928fef000 	/System/Library/PrivateFrameworks/InertiaCam.framework/Versions/A/InertiaCam
0x00007ff924cd8000 	/System/Library/PrivateFrameworks/TextRecognition.framework/Versions/A/TextRecognition
0x00007ff822554000 	/System/Library/PrivateFrameworks/CVNLP.framework/Versions/A/CVNLP
0x00007ff81b3c5000 	/System/Library/PrivateFrameworks/ApplePushService.framework/Versions/A/ApplePushService
0x00007ff81b429000 	/System/Library/Frameworks/CloudKit.framework/Versions/A/CloudKit
0x00007ff82f1c0000 	/System/Library/PrivateFrameworks/CoreDuetDaemonProtocol.framework/Versions/A/CoreDuetDaemonProtocol
0x00007ffa11eb1000 	/System/Library/PrivateFrameworks/DeviceIdentity.framework/Versions/A/DeviceIdentity
0x00007ffb1d6a9000 	/System/Library/Frameworks/SharedWithYouCore.framework/Versions/A/SharedWithYouCore
0x00007ffb27732000 	/System/Library/PrivateFrameworks/CloudTelemetry.framework/Versions/A/CloudTelemetry
0x00007ff82db13000 	/System/Library/PrivateFrameworks/AppleAccount.framework/Versions/A/AppleAccount
0x00007ff82dff9000 	/System/Library/PrivateFrameworks/C2.framework/Versions/A/C2
0x00007ffb273fd000 	/System/Library/PrivateFrameworks/CloudCoreInternal.framework/Versions/A/CloudCoreInternal
0x00007ffb2720c000 	/System/Library/PrivateFrameworks/CloudAsset.framework/Versions/A/CloudAsset
0x00007ff82dff1000 	/System/Library/Frameworks/PushKit.framework/Versions/A/PushKit
0x00007ffb2774e000 	/System/Library/PrivateFrameworks/CloudTelemetryTools.framework/Versions/A/CloudTelemetryTools
0x00007ff830033000 	/System/Library/PrivateFrameworks/RTCReporting.framework/Versions/A/RTCReporting
0x00007ffb1fdac000 	/System/Library/PrivateFrameworks/AAAFoundationSwift.framework/Versions/A/AAAFoundationSwift
0x00007ff82dcfb000 	/System/Library/PrivateFrameworks/AppleIDSSOAuthentication.framework/Versions/A/AppleIDSSOAuthentication
0x00007ff9203b0000 	/System/Library/PrivateFrameworks/CaptiveNetwork.framework/Versions/A/CaptiveNetwork
0x00007ff82d5b6000 	/System/Library/PrivateFrameworks/EAP8021X.framework/Versions/A/EAP8021X
0x00007ffb2d28e000 	/System/Library/PrivateFrameworks/CryptoKitPrivate.framework/Versions/A/CryptoKitPrivate
0x00007ff91a510000 	/System/Library/PrivateFrameworks/FindMyDevice.framework/Versions/A/FindMyDevice
0x00007ff90f391000 	/System/Library/PrivateFrameworks/FMCoreLite.framework/Versions/A/FMCoreLite
0x00007ffa0f892000 	/System/Library/PrivateFrameworks/UIKitServices.framework/Versions/A/UIKitServices
0x00000001a6a76000 	/System/Library/Extensions/AGXMetalG14X.bundle/Contents/MacOS/AGXMetalG14X
0x00007ff913a06000 	/System/Library/PrivateFrameworks/IOGPU.framework/Versions/A/IOGPU
0x00000001a59bd000 	/Library/Java/JavaVirtualMachines/zulu-8.jdk/Contents/Home/jre/lib/libfontmanager.dylib
0x00000001a5b94000 	/Library/Java/JavaVirtualMachines/zulu-8.jdk/Contents/Home/jre/lib/libfreetype.dylib.6
0x00007ffb1618f000 	/System/Library/Frameworks/OpenGL.framework/Versions/A/Resources/GLEngine.bundle/GLEngine
0x00007ffb16002000 	/System/Library/Frameworks/OpenGL.framework/Versions/A/Libraries/libGLProgrammability.dylib
0x00000001a5e9f000 	/System/Library/Extensions/AppleMetalOpenGLRenderer.bundle/Contents/MacOS/AppleMetalOpenGLRenderer
0x00007ffb162ff000 	/System/Library/Frameworks/OpenGL.framework/Versions/A/Resources/GLRendererFloat.bundle/GLRendererFloat
0x00000001a5e91000 	/private/var/folders/80/071_2pk11ms1qftgqxswr2p40000gn/T/jogamp_0000/file_cache/jln1163302401159790712/jln578292246790026441/natives/macosx-universal/libgluegen-rt.jnilib
0x00000001a61ea000 	/private/var/folders/80/071_2pk11ms1qftgqxswr2p40000gn/T/jogamp_0000/file_cache/jln1163302401159790712/jln578292246790026441/natives/macosx-universal/libnativewindow_awt.jnilib
0x00000001a6203000 	/Library/Java/JavaVirtualMachines/zulu-8.jdk/Contents/Home/jre/lib/libjawt.dylib
0x00000001a6231000 	/private/var/folders/80/071_2pk11ms1qftgqxswr2p40000gn/T/jogamp_0000/file_cache/jln1163302401159790712/jln578292246790026441/natives/macosx-universal/libnativewindow_macosx.jnilib
0x00000001a6277000 	/private/var/folders/80/071_2pk11ms1qftgqxswr2p40000gn/T/jogamp_0000/file_cache/jln1163302401159790712/jln578292246790026441/natives/macosx-universal/libnewt.jnilib

VM Arguments:
java_command: build/libs/TesseractFatJar.jar
java_class_path (initial): build/libs/TesseractFatJar.jar
Launcher Type: SUN_STANDARD

Environment Variables:
JAVA_HOME=/Users/bmf/.sdkman/candidates/java/current
PATH=/Users/bmf/.swiftpm/bin:/Users/bmf/.bun/bin:/usr/local/opt/gnu-sed/libexec/gnubin:/Library/Java/JavaVirtualMachines/temurin-11.jdk/Contents/Home/bin/:/usr/local/opt/python/libexec/bin:/opt/homebrew/bin:/opt/homebrew/sbin:/Users/bmf/.pyenv/shims:/usr/local/bin:/System/Cryptexes/App/usr/bin:/usr/bin:/bin:/usr/sbin:/sbin:/var/run/com.apple.security.cryptexd/codex.system/bootstrap/usr/local/bin:/var/run/com.apple.security.cryptexd/codex.system/bootstrap/usr/bin:/var/run/com.apple.security.cryptexd/codex.system/bootstrap/usr/appleinternal/bin://Applications/Topaz Photo AI.app/Contents/Resources/bin:/Library/Apple/usr/bin:/usr/local/MacGPG2/bin:/Library/TeX/texbin:/Applications/Wireshark.app/Contents/MacOS:/Applications/Little Snitch.app/Contents/Components:/Applications/VMware Fusion.app/Contents/Public:/Library/Frameworks/Mono.framework/Versions/Current/Commands:/Users/bmf/.zgenom/polaris/bin:/Users/bmf/.local/state/fnm_multishells/26452_1761551964434/bin:/Users/bmf/.pyenv/plugins/pyenv-virtualenv/shims:/Users/bmf/.zgenom/sources/brandon-fryslie/rad-plugins/___/bin:/usr/local/sbin:/Users/bmf/.zgenom/sources/brandon-fryslie/rad-shell/___/bin:/Users/bmf/.cargo/bin:/Applications/iTerm.app/Contents/Resources/utilities:/Users/bmf/.local/bin:/Users/bmf/.zgenom/sources/brandon-fryslie/rad-plugins/___/docker/bin:/Users/bmf/.zgenom/sources/brandon-fryslie/rad-plugins/___/git/bin:/opt/homebrew/opt/coreutils/libexec/gnubin:/Users/bmf/Library/pnpm:/Applications/IDA Professional 9.2.app/Contents/MacOS/dbgsrv
SHELL=bash

Signal Handlers:
SIGSEGV: [libjvm.dylib+0x5b9941], sa_mask[0]=11111111111111111111111111111111, sa_flags=SA_ONSTACK|SA_RESTART|SA_SIGINFO
SIGBUS: [libjvm.dylib+0x5b9941], sa_mask[0]=11111111111111111111111111111111, sa_flags=SA_RESTART|SA_SIGINFO
SIGFPE: [libjvm.dylib+0x4a6209], sa_mask[0]=11111111111111111111111111111111, sa_flags=SA_RESTART|SA_SIGINFO
SIGPIPE: [libjvm.dylib+0x4a6209], sa_mask[0]=11111111111111111111111111111111, sa_flags=SA_RESTART|SA_SIGINFO
SIGXFSZ: [libjvm.dylib+0x4a6209], sa_mask[0]=11111111111111111111111111111111, sa_flags=SA_RESTART|SA_SIGINFO
SIGILL: [libjvm.dylib+0x4a6209], sa_mask[0]=11111111111111111111111111111111, sa_flags=SA_RESTART|SA_SIGINFO
SIGUSR1: SIG_DFL, sa_mask[0]=00000000000000000000000000000000, sa_flags=none
SIGUSR2: [libjvm.dylib+0x4a6af3], sa_mask[0]=00000000000000000000000000000000, sa_flags=SA_RESTART|SA_SIGINFO
SIGHUP: [libjvm.dylib+0x4a4c4d], sa_mask[0]=11111111111111111111111111111111, sa_flags=SA_RESTART|SA_SIGINFO
SIGINT: [libjvm.dylib+0x4a4c4d], sa_mask[0]=11111111111111111111111111111111, sa_flags=SA_RESTART|SA_SIGINFO
SIGTERM: [libjvm.dylib+0x4a4c4d], sa_mask[0]=11111111111111111111111111111111, sa_flags=SA_RESTART|SA_SIGINFO
SIGQUIT: [libjvm.dylib+0x4a4c4d], sa_mask[0]=11111111111111111111111111111111, sa_flags=SA_RESTART|SA_SIGINFO


---------------  S Y S T E M  ---------------

OS:Bsduname:Darwin 25.0.0 Darwin Kernel Version 25.0.0: Wed Sep 17 21:35:32 PDT 2025; root:xnu-12377.1.9~141/RELEASE_ARM64_T6020 x86_64
rlimit: STACK 8176k, CORE 0k, NPROC 2048, NOFILE 12544, AS infinity
load average:8.35 6.67 6.13

CPU:total 12 (initial active 12) (1 cores per cpu, 1 threads per core) family 6 model 44 stepping 0, cmov, cx8, fxsr, mmx, sse, sse2, sse3, ssse3, sse4.1, sse4.2, popcnt, aes, clmul, tsc, tscinvbit, tscinv

Memory: 4k page, physical 100663296k(3407580k free)

/proc/meminfo:


vm_info: OpenJDK 64-Bit Server VM (25.472-b08) for bsd-amd64 JRE (Zulu 8.90.0.19-CA-macosx) (1.8.0_472-b08), built on Oct  4 2025 09:02:28 by "zulu_re" with gcc Apple LLVM 12.0.0 (clang-1200.0.32.28)

time: Tue Dec  9 22:01:25 2025
timezone: MST
elapsed time: 2.721080 seconds (0d 0h 0m 2s)

